Nedaea,Pronunciation,Part of speech,English
a,/ä/,prep.,after
ä,/æ/,adj.,thin (slender); slim
aa,/äː/,num.,one
aahui,/ˈäːhui̯/,n.,diamond
aal,/äːl/,n.,brass
aam,/äːm/,n.,way; course (direction of travel)
aan,/äːn/,v.,eat
aanä,/ˈäːnæ/,n.,diary; memoir; calendar; schedule; roster
aanaa,/ˈäːnäː/,n.,necklace
aane,/ˈäːnɛ/,v.,flee
aanoo,/ˈäːnɔː/,n.,night; evening
aanoo siil,/ˈäːnɔː siːl/ [ˈäːnɔː ʃil],n.,midnight
aar,/äːr/,v.,seem; appear; manifest
aardo,/ˈäːrdɔ/,n.,appearance (act of appearing)
aaroosui,/äːˈrɔːʃi/,n.,screen
aasiuu,/ˈäːʃʌː/,adj.,mean; vicious
äbau,/ˈæbäʌ̯/,n.,semen
äbee,/ˈæbɛː/,n.,test
äbeemi,/æˈbɛːmi/,n.,basil
äbi,/ˈæbi/,n.,mattress
äbu,/ˈæbʌ/,n.,lace
abui,/ˈäbui̯/,n.,chasm
ade,/ˈädɛ/,n.,research
ade,/ˈädɛ/,v.,research
ädee,/ˈædɛː/,n.,picnic
ae,/äi̯/,adj.,old; antique
aebiilaa,/äi̯ˈbiːläː/,n.,grill
aeki,/ˈäi̯ki/ [ˈäi̯gi],n.,cigarette; cigar
aemä,/ˈäi̯mæ/,n.,cynic
aerii,/ˈäi̯riː/,adj.,aesthetic
aerr,/äi̯r/,n.,end
aerui,/ˈäi̯rui̯/,v.,block
agi,/ˈägi/,v.,scrub; rub; polish; wash; stroke; massage; wipe
ägi,/ˈægi/,v.,tolerate; sustain
ahaa,/ˈähäː/,n.,symptom
aidoo,/ˈäi̯dɔː/,n.,habitat
aim,/äi̯m/,v.,glare
ainn,/äi̯n/,n.,cow; buffalo
aisaa,/ˈäi̯säː/,n.,veteran
aitemm,/ˈäi̯tɛm/,n.,colony
äjemm,/ˈæjɛm/,n.,size; capacity
äji,/ˈæji/,v.,vanish; disappear
äjii,/ˈæjiː/,n.,planet
äkä,/ˈækæ/ [ˈægæ],n.,war
äkäja,/æˈkæjä/ [æˈgæjä],n.,warrior
äkau,/ˈækäʌ̯/ [ˈægäʌ̯],n.,beer
äkipoo,/æˈkipɔː/ [æˈgibɔː],n.,place; location; address
äkipoojä,/ˌækiˈpɔːjæ/ [ˌægiˈbɔːjæ],v.,place
ako,/ˈäkɔ/ [ˈägɔ],n.,version
äkuu,/ˈækʌː/ [ˈægʌː],n.,theater; arena
äkuune,/æˈkʌːnɛ/ [æˈgʌːnɛ],n.,mound
äl,/æl/,adj.,curious
all,/äl/,n.,mind (thinking faculty)
alo,/ˈälɔ/,n.,mouth; gate
aloku,/äˈlɔkʌ/ [äˈlɔgʌ],adj.,oral
äloo,/ˈælɔː/,v.,tangle
äm,/æm/,n.,fire
äma,/ˈæmä/,adj.,random
ämä,/ˈæmæ/,n.,grass
amaa,/ˈämäː/,v.,sew
ämi,/ˈæmi/,n.,lever; pedal
amii,/ˈämiː/,n.,group; community; gang; bunch; bundle
amm,/äm/,n.,voice
ämo,/ˈæmɔ/,adj.,green; sick; fresh
amue,/ˈämui̯/,v.,drag; draw
amuipo,/äˈmui̯pɔ/ [äˈmui̯bɔ],n.,drawing
äna,/ˈænä/,adj.,rare
änaal,/ˈænäːl/,n.,position (location)
ane,/ˈänɛ/,n.,paragraph; clause; verse
ann,/än/,v.,jump; skip; bounce
änn,/æn/,n.,foot
anu,/ˈänʌ/,v.,swallow
äpe,/ˈæpɛ/ [ˈæbɛ],n.,census
äpo,/ˈæpɔ/ [ˈæbɔ],n.,fantasy
apuu,/ˈäpʌː/ [ˈäbʌː],v.,dine
apuudi,/äˈpʌːdi/ [äˈbʌːdi],n.,restaurant
ar,/är/,adj.,pretty
ärä,/ˈæræ/,n.,vulture
ärr,/ær/,n.,mammal
asäba,/äˈsæbä/,v.,spread
asaun,/ˈäsäʌ̯n/,n.,temple; shrine
asiai,/ˈäʃäi̯/,v.,break; smash; split; tear; shatter
asiaiko,/äˈʃäi̯kɔ/ [äˈʃäi̯gɔ],adj.,broken
äsiil,/ˈæsiːl/ [ˈæʃil],n.,divorce
asil,/ˈäsil/ [äʃl],n.,chick (girl)
äso,/ˈæsɔ/,v.,harass; intimidate
äsue,/ˈæʃɛ/,n.,capsule; tablet
ate,/ˈätɛ/,adj.,relevant
au,/äʌ̯/,v.,feel (perceive; sense)
au,/äʌ̯/,pron.,you; you all; yours; yours (pl)
au,/äʌ̯/,n.,feeling
aube,/ˈäʌ̯bɛ/,n.,formula
audii,/ˈäʌ̯diː/,adj.,mature; ripe
auhuuli,/äʌ̯ˈhʌːli/,n.,crystal
aujootu,/äʌ̯ˈjɔːtʌ/,n.,charcoal; fuel
aukol,/ˈäʌ̯kɔl/ [ˈäʌ̯gɔl],n.,frame; cage
auleen,/ˈäʌ̯lɛːn/,v.,meditate
aull,/äʌ̯l/,v.,ask (inquire); ask (request)
aull,/äʌ̯l/,n.,question
aum,/äʌ̯m/,v.,bounce
aume,/ˈäʌ̯mɛ/,n.,border; boundary
aumee,/ˈäʌ̯mɛː/,n.,melody; tune
aunue,/ˈäʌ̯nui̯/,n.,homeland; motherland
aupo,/ˈäʌ̯pɔ/ [ˈäʌ̯bɔ],n.,trailer
aupukä,/äʌ̯ˈpʌkæ/ [äʌ̯ˈbʌgæ],n.,gap; cleavage
ausa,/ˈäʌ̯sä/,n.,cabin; inn; lodge
ausii,/ˈäʌ̯ʃi/,n.,supervisor
äviimi,/æˈviːmi/,n.,language; dialect
da,/dä/,v.,call (cry out)
dä,/dæ/,v.,have; must; have to; own; get; include
daa,/däː/,prep.,without
daahe,/ˈdäːhɛ/,adj.,equal; equivalent
daam,/däːm/,v.,escort
dädime,/dæˈdimɛ/,n.,label; tag; logo
dae,/däi̯/,n.,source
dael,/däi̯l/,v.,practice
daenokuu,/däi̯ˈnɔkʌː/ [däi̯ˈnɔgʌː],n.,heritage
daer,/däi̯r/,v.,play (have fun)
daeti,/ˈdäi̯ti/,conj.,even
dahue,/ˈdähui̯/,v.,applaud; cheer
dairja,/ˈdäi̯rjä/,n.,player
däjee,/ˈdæjɛː/,n.,rail
daji,/ˈdäji/,adj.,manual
dal,/däl/,v.,affect; influence
däl,/dæl/,n.,dungeon
dame,/ˈdämɛ/,n.,cabinet; drawer
dämm,/dæm/,v.,soak; saturate; irrigate; marinate
dän,/dæn/,adj.,plain
dann,/dän/,n.,dream
danoom,/ˈdänɔːm/,n.,committee
daoo,/ˈdäɔː/,adj.,vibrant
däsiäo,/dæˈʃæɔ/,n.,layout; diagram
dasuee,/ˈdäʃɛː/,n.,flesh
dätii,/ˈdætiː/,v.,smuggle
dau,/däʌ̯/,adj.,small; little
daupai,/ˈdäʌ̯päi̯/ [ˈdäʌ̯bäi̯],n.,cavity
dautee,/ˈdäʌ̯tɛː/,n.,suburb
dävii,/ˈdæviː/,v.,circulate; publish
däviido,/dæˈviːdɔ/,n.,circulation
de,/dɛ/,adv.,just; hardly; only
dee,/dɛː/,conj.,because
deebä,/ˈdɛːbæ/,n.,bow (decorative material)
deebe,/ˈdɛːbɛ/,n.,stall; kiosk
deehe,/ˈdɛːhɛ/,v.,die
deehedo,/dɛːˈhɛdɔ/,n.,death
deeheko,/dɛːˈhɛkɔ/ [dɛːˈhɛgɔ],adj.,dead
deelä,/ˈdɛːlæ/,adj.,cute
deem,/dɛːm/,n.,pattern; rhythm
deen,/dɛːn/,n.,star; celebrity
deen opee,/dɛːn ˈɔpɛː/ [dɛːn ˈɔbɛː],n.,comet
deenoo,/ˈdɛːnɔː/,n.,politics
deenooja,/dɛːˈnɔːjä/,n.,politician
deenooku,/dɛːˈnɔːkʌ/ [dɛːˈnɔːgʌ],adj.,political
deenu,/ˈdɛːnʌ/,n.,roster
deer,/dɛːr/,v.,print
deeso,/ˈdɛːsɔ/,n.,cliff
deesui,/ˈdɛːʃi/,n.,swamp
deeu,/ˈdɛːʌ/,n.,basket
degae,/ˈdɛgäi̯/,n.,price; fee; salary
deju,/ˈdɛjʌ/,v.,flash
deka,/ˈdɛkä/ [ˈdɛgä],n.,library
deke,/ˈdɛkɛ/ [ˈdɛgɛ],adj.,full
dem,/dɛm/,n.,sorrow
dema,/ˈdɛmä/,n.,boot
demaa,/ˈdɛmäː/,n.,danger
demaara,/dɛˈmäːrä/,adj.,dangerous
deme,/ˈdɛmɛ/,n.,mess; rubble; debris
demera,/dɛˈmɛrä/,adj.,messy
demibä,/dɛˈmibæ/,n.,beak
demuu,/ˈdɛmʌː/,n.,festival
dere,/ˈdɛrɛ/,v.,burst; explode; blow up; erupt
deron,/ˈdɛrɔn/,n.,hazard
derr,/dɛr/,n.,glue; paste
detu,/ˈdɛtʌ/,adj.,straight; steep
deva,/ˈdɛvä/,n.,match (for fire)
di,/di/,prep.,by (using the means of); by (using a route)
didu,/ˈdidʌ/,v.,skate
dieen,/ˈdiɛːn/ [djɛːn],n.,pet
dihu,/ˈdihʌ/,v.,explode; blow up
dii,/diː/,v.,own; possess
diija,/ˈdiːjä/,n.,owner
diil,/diːl/,v.,send; transfer
diili,/ˈdiːli/,v.,slide; slip; skid
diilo,/ˈdiːlɔ/,n.,dagger
diim,/diːm/,n.,neighbor
diin,/diːn/,n.,tin
diipä,/ˈdiːpæ/ [ˈdiːbæ],n.,boulder; stone
diituum,/ˈdiːtʌːm/,n.,manner
dijoo,/ˈdijɔː/,adj.,nervous; anxious
dijoodae,/diˈjɔːdäi̯/,n.,anxiety
diku,/ˈdikʌ/ [ˈdigʌ],n.,match (game); contest
dilku,/ˈdilkʌ/,adj.,economic
dill,/dil/,n.,economy
dim,/dim/,n.,guy
dimä,/ˈdimæ/,n.,sum
dimae,/ˈdimäi̯/,adj.,sophisticated; intricate
dimoo,/ˈdimɔː/,adj.,obscure
din,/din/,n.,whip
dipi,/ˈdipi/ [ˈdibi],n.,margin
dipii,/ˈdipiː/ [ˈdibiː],v.,evacuate
dipoo,/ˈdipɔː/ [ˈdibɔː],n.,effort
dipue,/ˈdipui̯/ [ˈdibui̯],n.,bulb (plant root)
dir,/dir/,prep.,out; outside
dise,/ˈdisɛ/,n.,elbow
disue,/ˈdisui̯/,n.,peninsula
disui,/ˈdiʃi/,v.,moan
ditii,/ˈditiː/,n.,breast
do,/dɔ/,n.,program
dobui,/ˈdɔbui̯/,v.,remark
doho,/ˈdɔhɔ/,v.,complete; achieve; accomplish
dokii,/ˈdɔkiː/ [ˈdɔgiː],v.,steal; rob
dole,/ˈdɔlɛ/,v.,bark; roar
doll,/dɔl/,n.,tax; tariff
domi,/ˈdɔmi/,n.,triangle
domm,/dɔm/,v.,compose
donn,/dɔn/,n.,devil
doo,/dɔː/,v.,look; glance
doo dirr,/dɔː dir/,n.,appearance (looks)
dooduu,/ˈdɔːdʌː/,adj.,due
doohem,/ˈdɔːhɛm/,adj.,gradual
doojui,/ˈdɔːjui̯/,v.,sort; arrange
dookaakä,/dɔːˈkäːkæ/ [dɔːˈgäːgæ],n.,fungus
doolä,/ˈdɔːlæ/,n.,spear; lance; pike
doomi,/ˈdɔːmi/,n.,lip
doomiitaimm,/dɔːˈmiːtäi̯m/,n.,road; street; avenue; pavement
dosuu,/ˈdɔsʌː/ [ˈdɔʃʌ],v.,drain
dosuupo,/dɔˈsʌːpɔ/ [dɔˈʃʌbɔ],n.,sewer
doti,/ˈdɔti/,v.,define
dovä,/ˈdɔvæ/,n.,taxi; cab
du,/dʌ/,v.,test; analyze
dube,/ˈdʌbɛ/,adv.,nowhere
dubee,/ˈdʌbɛː/,n.,dump
dudo,/ˈdʌdɔ/,n.,exam
due,/dui̯/,n.,back (of body); back (reverse side)
dukoo,/ˈdʌkɔː/ [ˈdʌgɔː],n.,magic
duku,/ˈdʌkʌ/ [ˈdʌgʌ],n.,atom
dulo,/ˈdʌlɔ/,adj.,lucky
dulodae,/dʌˈlɔdäi̯/,n.,luck
dum,/dʌm/,v.,prepare
dumdo,/ˈdʌmdɔ/,n.,preparation
dumoge,/dʌˈmɔgɛ/,n.,granite
dunn,/dʌn/,n.,fury
duno,/ˈdʌnɔ/,n.,picture
dunra,/ˈdʌnrä/,adj.,furious
dupi,/ˈdʌpi/ [ˈdʌbi],adj.,exotic
dusioo,/ˈdʌʃɔː/,n.,file; record (written account)
dusoo,/ˈdʌsɔː/,v.,haggle
dutii,/ˈdʌtiː/,n.,agony
duu,/dʌː/,prep.,for (the purpose of)
duudi,/ˈdʌːdi/,n.,magnet
duujimu,/dʌːˈjimʌ/,n.,ceremony; ritual
duukodee,/dʌːˈkɔdɛː/ [dʌːˈgɔdɛː],n.,rubber
duul,/dʌːl/,v.,faint
duum,/dʌːm/,v.,shock; startle; stun; surprise
duupeeko,/dʌːˈpɛːkɔ/ [dʌːˈbɛːgɔ],n.,premiere
duupoo,/ˈdʌːpɔː/ [ˈdʌːbɔː],v.,amuse
duur,/dʌːr/,v.,finish; complete
duurko,/ˈdʌːrkɔ/,adj.,final
duurkope,/dʌːrˈkɔpɛ/ [dʌːrˈkɔbɛ],adv.,finally
duuso,/ˈdʌːsɔ/,v.,interrupt; interfere
e,/ɛ/,v.,be (exist); be (permanent state)
e,/ɛ/,pron.,he; him; his; she; her; hers; it; its; they; them; theirs
ebu,/ˈɛbʌ/,n.,pastry
ee,/ɛː/,v.,go; leave (depart)
eebee,/ˈɛːbɛː/,n.,olive
eebir,/ˈɛːbir/,v.,segregate; discriminate
eedi,/ˈɛːdi/,v.,gasp
eeha,/ˈɛːhä/,n.,orchard; plantation
eehä,/ˈɛːhæ/,n.,authority
eehäjä,/ɛːˈhæjæ/,v.,authorize
eehirr,/ˈɛːhir/,n.,cork
eejä,/ˈɛːjæ/,v.,infect
eejädo,/ɛːˈjædɔ/,n.,infection
eeji,/ˈɛːji/,n.,species
eel,/ɛːl/,adv.,tomorrow
eelä,/ˈɛːlæ/,v.,mix; weave; combine
eem,/ɛːm/,v.,starve
eemä,/ˈɛːmæ/,v.,surround
eeme,/ˈɛːmɛ/,n.,trouble; problem
eemome,/ɛːˈmɔmɛ/,num.,zero
eemui,/ˈɛːmui̯/,n.,vinegar
een,/ɛːn/,v.,let; allow (let); enable; approve
eena,/ˈɛːnä/,v.,continue; keep (continue); last; sustain
eeno,/ˈɛːnɔ/,n.,button (fastener for clothing)
eepai,/ˈɛːpäi̯/ [ˈɛːbäi̯],adj.,alternate
eer,/ɛːr/,n.,intestine
eerä,/ˈɛːræ/,n.,controversy
eesie,/ˈɛːʃɛ/,n.,brother
eesioo,/ˈɛːʃɔː/,v.,swing; hang; sway; wave (salutation)
eeso,/ˈɛːsɔ/,n.,apology
eesuetaa,/ɛːˈʃɛtäː/,n.,lobby
eetin,/ˈɛːtin/,n.,altitude
egee,/ˈɛgɛː/,n.,traffic
egi,/ˈɛgi/,v.,claim; allege; testify
egii,/ˈɛgiː/,adj.,gray
egoode,/ɛˈgɔːdɛ/,prep.,onto
eguu,/ˈɛgʌː/,v.,comprehend; fathom
ehal,/ˈɛhäl/,n.,coincidence
ehee,/ˈɛhɛː/,n.,sermon
eho,/ˈɛhɔ/,adj.,awkward
ehuu,/ˈɛhʌː/,n.,harvest; autumn
eje,/ˈɛjɛ/,n.,axe
eji,/ˈɛji/,n.,puzzle; maze
ejii,/ˈɛjiː/,adj.,static; passive
ekainn,/ˈɛkäi̯n/ [ˈɛgäi̯n],n.,cord
ekii,/ˈɛkiː/ [ˈɛgiː],n.,reception (of office or hotel)
ekoä,/ɛˈkɔæ/ [ɛˈgɔæ],n.,patient; victim
ele,/ˈɛlɛ/,n.,yogurt
elo,/ˈɛlɔ/,n.,benefit
elu,/ˈɛlʌ/,v.,ring
emiim,/ˈɛmiːm/,n.,peach
emm,/ɛm/,n.,center; core; nucleus; embryo
emoo,/ˈɛmɔː/,adj.,spontaneous
emra,/ˈɛmrä/,adj.,central
enaa,/ˈɛnäː/,v.,stall
eni,/ˈɛni/,adj.,poor
enikuel,/ɛˈnikui̯l/ [ɛˈnigui̯l],v.,arrange; organize; set up
enikuilpo,/ˌɛniˈkui̯lpɔ/ [ˌɛniˈgui̯lpɔ],n.,organization
enn,/ɛn/,prep.,throughout
enu,/ˈɛnʌ/,v.,name; dub
epee,/ˈɛpɛː/ [ˈɛbɛː],v.,resist; prevent
epo,/ˈɛpɔ/ [ˈɛbɔ],v.,trick; deceive; betray; bluff
erae,/ˈɛräi̯/,adj.,exact; precise; definite
eraepe,/ɛˈräi̯pɛ/ [ɛˈräi̯bɛ],adv.,exactly
esähaa,/ɛˈsæhäː/,v.,cause; induce
esähaa,/ɛˈsæhäː/,n.,cause
esee,/ˈɛsɛː/,adj.,naked; nude
esi,/ˈɛsi/ [ɛʃ],n.,east
esidii,/ɛˈsidiː/ [ɛʃˈdiː],n.,fact
esiee,/ˈɛʃɛː/,n.,prince
esii,/ˈɛʃi/,v.,feed
etii,/ˈɛtiː/,v.,consult
eve,/ˈɛvɛ/,n.,chime
evee,/ˈɛvɛː/,n.,comfort
eveera,/ɛˈvɛːrä/,adj.,comfortable
evue,/ˈɛvui̯/,n.,alarm; siren
fa,/fä/,conj.,until
fä,/fæ/,det.,many
faa,/fäː/,v.,call (request the attendance of)
faal,/fäːl/,n.,wage; salary
faalee,/ˈfäːlɛː/,n.,sign; signal
faamaar,/ˈfäːmäːr/,adj.,soft
faan,/fäːn/,n.,allergy
faaniil,/ˈfäːniːl/,n.,election; referendum
faaniiljä,/fäːˈniːljæ/,v.,elect
fado,/ˈfädɔ/,n.,campaign
fäduu,/ˈfædʌː/,v.,balance; poise
fae,/fäi̯/,n.,plan; strategy (plan); tactic
fae,/fäi̯/,v.,plan
faemii,/ˈfäi̯miː/,n.,arena; stadium
faevedo,/fäi̯ˈvɛdɔ/,n.,behavior
fägau,/ˈfægäʌ̯/,n.,camp; shack
fägäveen,/fæˈgævɛːn/,adj.,physical; tangible
fähe,/ˈfæhɛ/,n.,phrase; slogan
fahi,/ˈfähi/,n.,foliage
faise,/ˈfäi̯sɛ/,v.,wrap; fold
faiso,/ˈfäi̯sɔ/,n.,dictionary
faive,/ˈfäi̯vɛ/,v.,act; behave
fajä,/ˈfäjæ/,n.,sibling
fäji,/ˈfæji/,adj.,elite
fäko,/ˈfækɔ/ [ˈfægɔ],n.,legend; myth
fal,/fäl/,n.,bag
fäm,/fæm/,n.,father
fäme,/ˈfæmɛ/,v.,stare
fäna,/ˈfænä/,adj.,fancy
fänn,/fæn/,n.,stake
fänoo,/ˈfænɔː/,n.,bastard
färr,/fær/,n.,wealth
färra,/ˈfærrä/,adj.,rich
fäsui,/ˈfæʃi/,v.,exploit
fau,/fäʌ̯/,n.,offer
fau,/fäʌ̯/,v.,offer
fauju,/ˈfäʌ̯jʌ/,n.,stitch
faumm,/fäʌ̯m/,v.,ignore; overlook
fautuu,/ˈfäʌ̯tʌː/,v.,experience
fautuudo,/fäʌ̯ˈtʌːdɔ/,n.,experience
fe,/fɛ/,prep.,around
feaa,/ˈfɛäː/,n.,path; track; direction (way)
fedee,/ˈfɛdɛː/,n.,score
fedu,/ˈfɛdʌ/,adj.,sturdy
fee,/fɛː/,adv.,again
feebä,/ˈfɛːbæ/,n.,sister
feee,/ˈfɛːɛ/,n.,article (text)
feehee,/ˈfɛːhɛː/,n.,pearl
feejau,/ˈfɛːjäʌ̯/,n.,tense
feeji,/ˈfɛːji/,n.,privilege
feekä,/ˈfɛːkæ/ [ˈfɛːgæ],n.,series
feel,/fɛːl/,n.,ring
feelä,/ˈfɛːlæ/,n.,bone
feem,/fɛːm/,n.,cloud; mist
feem tepau,/fɛːm ˈtɛpäʌ̯/ [fɛːm ˈtɛbäʌ̯],n.,rainbow
feemoo,/ˈfɛːmɔː/,n.,soldier; guerrilla
feen,/fɛːn/,n.,lust
feerause,/fɛːˈräʌ̯sɛ/,n.,spike
feerue,/ˈfɛːrui̯/,n.,mass
feetell,/ˈfɛːtɛl/,n.,arsenal
feevo,/ˈfɛːvɔ/,adj.,custom
feho,/ˈfɛhɔ/,v.,fetch; earn
fehoo,/ˈfɛhɔː/,adj.,practical; pragmatic
fehuu,/ˈfɛhʌː/,n.,moment
fel,/fɛl/,n.,spine
femä,/ˈfɛmæ/,adj.,civilized
femädai,/fɛˈmædäi̯/,n.,civilization
femm,/fɛm/,n.,land; earth; planet
femo,/ˈfɛmɔ/,v.,foster; adopt
fepa,/ˈfɛpä/ [ˈfɛbä],adj.,similar
ferii,/ˈfɛriː/,adj.,stable; steady; calm; patient; consistent; compatible
fesi,/ˈfɛsi/ [fɛʃ],n.,fan (enthusiast)
fesii,/ˈfɛʃi/,n.,hose
fetee,/ˈfɛtɛː/,v.,swear
fevauvin,/fɛˈväʌ̯vin/,v.,change
fevauvindo,/ˌfɛväʌ̯ˈvindɔ/,n.,change
fevuu,/ˈfɛvʌː/,pron.,everyone
fi,/fi/,prep.,before
fibee,/ˈfibɛː/,prep.,beside
fihä,/ˈfihæ/,v.,splash
fihae,/ˈfihäi̯/,n.,corpse
fihuell,/ˈfihui̯l/,n.,tag
fii,/fiː/,num.,nine
fiibä,/ˈfiːbæ/,n.,web
fiiii,/ˈfiːiː/,n.,medium
fiim,/fiːm/,adj.,fair; just
fiimee,/ˈfiːmɛː/,n.,hip
fiin,/fiːn/,conj.,that
fiipä,/ˈfiːpæ/ [ˈfiːbæ],v.,provoke; exacerbate
fiisijä,/fiːˈsijæ/ [fiːˈʃjæ],n.,fiction
fiisu,/ˈfiːsʌ/ [fiːʃ],n.,treasure
fiki,/ˈfiki/ [ˈfigi],n.,mud
fikii,/ˈfikiː/ [ˈfigiː],n.,massacre; genocide
fiko,/ˈfikɔ/ [ˈfigɔ],n.,debt
filiil,/ˈfiliːl/,n.,leather
fimee,/ˈfimɛː/,v.,assassinate
fimeeja,/fiˈmɛːjä/,n.,assassin
fimi,/ˈfimi/,n.,dress; costume; uniform
fimii,/ˈfimiː/,n.,felony
fimm,/fim/,n.,environment (natural world)
fin,/fin/,v.,carry; lift
finee,/ˈfinɛː/,n.,comment
fipä,/ˈfipæ/ [ˈfibæ],n.,exit
fipivul,/fiˈpivʌl/ [fiˈbivʌl],n.,breed
fipol,/ˈfipɔl/ [ˈfibɔl],v.,insure; assure; guarantee; convince
fipolpo,/fiˈpɔlpɔ/ [fiˈbɔlpɔ],n.,insurance
fir,/fir/,n.,face; forehead; brow; side; front; facade
fir no,/fir nɔ/,n.,palm (of hand)
firii,/ˈfiriː/,v.,upset; bother; disturb
fisui,/ˈfiʃi/,n.,affection
fisum,/ˈfisʌm/ [fiʃm],n.,pan; saucepan
fisuu,/ˈfiʃʌ/,n.,thief
fiti,/ˈfiti/,n.,parliament
fituu,/ˈfitʌː/,v.,notify; inform; alert
fivu,/ˈfivʌ/,v.,promote
fo,/fɔ/,adv.,here
foba,/ˈfɔbä/,n.,parcel; package; bundle; packet
fodäjo,/fɔˈdæjɔ/,n.,fence
fodäjo oa,/fɔˈdæjɔ ˈɔä/,n.,hedge
fogee,/ˈfɔgɛː/,v.,decay; deteriorate
foll,/fɔl/,n.,season (quarter of the year)
fom,/fɔm/,n.,process; procedure
fome,/ˈfɔmɛ/,n.,salad
fonn,/fɔn/,v.,nod
fonoo,/ˈfɔnɔː/,n.,parent
fonuu,/ˈfɔnʌː/,v.,forgive; pardon
foo,/fɔː/,v.,may
fool,/fɔːl/,n.,adventure
foom,/fɔːm/,adv.,about
foome,/ˈfɔːmɛ/,n.,bay; cove
foomi,/ˈfɔːmi/,n.,hour
foon,/fɔːn/,adj.,free
foor,/fɔːr/,v.,pose
foro,/ˈfɔrɔ/,v.,impress
fosau,/ˈfɔsäʌ̯/,n.,plaque
fu,/fʌ/,v.,work (function); work (have desired result)
fue,/fui̯/,v.,cut; snip; slash; shave; tear; rip
fue,/fui̯/,n.,cut
fuemo,/ˈfui̯mɔ/,v.,stretch
fuer,/fui̯r/,n.,country (rural area)
fuesä,/ˈfui̯sæ/,v.,assign; allocate
fuhae,/ˈfʌhäi̯/,n.,fluke; accident
fuigee,/ˈfui̯gɛː/,n.,recipe
fuiiuu,/fʌˈiːʌː/,n.,torch
fuill,/fui̯l/,n.,fork
fuimm,/fui̯m/,n.,sun; day
full,/fʌl/,n.,witch
fum,/fʌm/,v.,decide
fumdo,/ˈfʌmdɔ/,n.,decision
fun,/fʌn/,v.,turn on
fupa,/ˈfʌpä/ [ˈfʌbä],n.,impulse
furi,/ˈfʌri/,n.,story; fable; plot; narrative; literature; prose; genetics
furi mimura,/ˈfʌri miˈmʌrä/,n.,history
fusii,/ˈfʌʃi/,n.,candy; vagina (slang)
fusuon,/ˈfʌʃɔn/,v.,defecate
futoo,/ˈfʌtɔː/,v.,ridicule; humiliate
fuu,/fʌː/,conj.,since
fuul,/fʌːl/,n.,brothel
fuuluse,/fʌːˈlʌsɛ/,interj.,no
fuun,/fʌːn/,adj.,apparent
fuupamm,/ˈfʌːpäm/ [ˈfʌːbäm],v.,check; examine; review; confirm
fuur,/fʌːr/,v.,roast
fuusio,/ˈfʌːʃɔ/,v.,close; shut; expire
ha,/hä/,v.,see; watch; discover; spectate; detect; perceive; imagine; envision; foresee; date; go out; predict; anticipate; estimate
hä,/hæ/,n.,month
haa,/häː/,n.,eye; eyeball
haal,/häːl/,adj.,social
haan,/häːn/,v.,skip; skim
haapuell,/ˈhäːpui̯l/ [ˈhäːbui̯l],v.,prefer
häbe,/ˈhæbɛ/,v.,bite
häbee,/ˈhæbɛː/,v.,brag
häbo,/ˈhæbɔ/,adj.,temporary
hado,/ˈhädɔ/,n.,discovery
hado,/ˈhädɔ/,n.,perception
hahämae,/häˈhæmäi̯/,n.,midriff
hähii,/ˈhæhiː/,n.,pear
hahiloo,/häˈhilɔː/,adj.,deaf
hai,/häi̯/,interj.,yes
hair,/häi̯r/,n.,wedge
häjä,/ˈhæjæ/,n.,locker; trunk (large box)
häll,/hæl/,v.,help; assist; improve
häll,/hæl/,n.,help
hämm,/hæm/,n.,space (beyond Earth)
haninn,/ˈhänin/,n.,moss
här,/hær/,adj.,loud; noisy
harr,/här/,n.,dish; plate
häso,/ˈhæsɔ/,n.,grandmother
häsoopo,/hæˈsɔːpɔ/ [hæˈsɔːbɔ],n.,fossil
hata,/ˈhätä/,n.,trap
hau,/häʌ̯/,n.,job; task
haull,/häʌ̯l/,n.,shade; shadow; hue; umbrella
haumm,/häʌ̯m/,v.,probe
haumo,/ˈhäʌ̯mɔ/,n.,effect
haupuur,/ˈhäʌ̯pʌːr/ [ˈhäʌ̯bʌːr],n.,parlor; salon
haur,/häʌ̯r/,n.,party
he,/hɛ/,v.,can
hebi,/ˈhɛbi/,n.,nation
hebiku,/hɛˈbikʌ/ [hɛˈbigʌ],adj.,national
hee,/hɛː/,v.,wear; put on
heehonee,/hɛːˈhɔnɛː/,v.,bow (greet)
heel,/hɛːl/,n.,male; guy
heem,/hɛːm/,n.,pepper
heen,/hɛːn/,n.,husband
heeno,/ˈhɛːnɔ/,v.,drive
heenoja,/hɛːˈnɔjä/,n.,driver
heesie,/ˈhɛːʃɛ/,n.,vase
hehim,/ˈhɛhim/,v.,survive
hekue,/ˈhɛkui̯/ [ˈhɛgui̯],adj.,rude; crude; nasty; vulgar
hel,/hɛl/,prep.,versus
hemämm,/ˈhɛmæm/,v.,affirm; swear
hemm,/hɛm/,n.,hill; slope; slant
hemoo,/ˈhɛmɔː/,n.,bridge; platform
hen,/hɛn/,n.,tomb
heno,/ˈhɛnɔ/,n.,course (direction of travel); career
here,/ˈhɛrɛ/,n.,loser
hetii,/ˈhɛtiː/,adj.,stubborn
hi,/hi/,prep.,from
higi,/ˈhigi/,n.,tuna
higo,/ˈhigɔ/,n.,poison; venom
higoo,/ˈhigɔː/,adj.,opposite
hii,/hiː/,adv.,however
hiil,/hiːl/,n.,combat
hiilee,/ˈhiːlɛː/,adj.,possible
hiileedai,/hiːˈlɛːdäi̯/,n.,possibility
hiilue,/ˈhiːlui̯/,adj.,bad
hiim,/hiːm/,n.,country (nation); state (province; country)
hiimi,/ˈhiːmi/,n.,limit; border; boundary
hiir,/hiːr/,n.,idiot; fool
hiiri,/ˈhiːri/,n.,state (condition); condition (state)
hiisuu,/ˈhiːʃʌ/,n.,heel
hijä,/ˈhijæ/,v.,deposit
hill,/hil/,adv.,barely; merely; hardly
hilooji,/hiˈlɔːji/,n.,catalog
hilumm,/ˈhilʌm/,v.,arouse
himm,/him/,num.,third
hin,/hin/,v.,cost
hina,/ˈhinä/,v.,situate
hindo,/ˈhindɔ/,n.,cost
hindora,/hinˈdɔrä/,adj.,expensive
hinii,/ˈhiniː/,n.,shooting star
hipoo,/ˈhipɔː/ [ˈhibɔː],n.,plug
hire,/ˈhirɛ/,n.,ledge
hirin,/ˈhirin/,n.,strap
hirr,/hir/,prep.,per; for each
hisae,/ˈhisäi̯/,adj.,confidential
hise,/ˈhisɛ/,n.,drain
hisuu,/ˈhiʃʌ/,v.,confine
hito,/ˈhitɔ/,v.,aim; intend
hivu,/ˈhivʌ/,adv.,together
ho,/hɔ/,v.,add; combine; inject; implant; embed
hobi,/ˈhɔbi/,n.,lizard
hoboo,/ˈhɔbɔː/,adj.,blunt
hodo,/ˈhɔdɔ/,v.,touch; feel (sense by touch)
hogi,/ˈhɔgi/,v.,pinch
hogosuä,/hɔˈgɔʃæ/,n.,clothes; clothing; garment
hohii,/ˈhɔhiː/,n.,rake
hojeesä,/hɔˈjɛːsæ/,n.,result; outcome
hoko,/ˈhɔkɔ/ [ˈhɔgɔ],v.,meet
hokopo,/hɔˈkɔpɔ/ [hɔˈgɔbɔ],n.,meeting
hol,/hɔl/,n.,oil; grease
hola,/ˈhɔlä/,v.,might
holue,/ˈhɔlui̯/,n.,desert
hom,/hɔm/,n.,trial
homaagen,/hɔˈmäːgɛn/,adj.,loose
homi,/ˈhɔmi/,n.,topic
honee,/ˈhɔnɛː/,v.,blend; merge
hoo,/hɔː/,v.,cook (heat food); cook (prepare food)
hoobo,/ˈhɔːbɔ/,v.,squat; crouch; perch
hoodä,/ˈhɔːdæ/,n.,breakfast
hoodi,/ˈhɔːdi/,n.,fox
hooja,/ˈhɔːjä/,n.,chef; cook
hoojii,/ˈhɔːjiː/,v.,tread; step on
hool,/hɔːl/,n.,color
hool doomi,/hɔːl ˈdɔːmi/,n.,lipstick
hoon,/hɔːn/,n.,lock
hoonja,/ˈhɔːnjä/,n.,locksmith
hoopi,/ˈhɔːpi/ [ˈhɔːbi],v.,crumble
hoopuu,/ˈhɔːpʌː/ [ˈhɔːbʌː],n.,shovel
hoosiuul,/ˈhɔːʃʌːl/,v.,chop
horu,/ˈhɔrʌ/,n.,jungle
hosiim,/ˈhɔsiːm/ [ˈhɔʃim],n.,warrant
hotimu,/hɔˈtimʌ/,adv.,where
hovin,/ˈhɔvin/,n.,spinach
hovo,/ˈhɔvɔ/,n.,priest
hu,/hʌ/,adv.,today; nowadays
hue,/hui̯/,prep.,to; towards
huedeku,/hui̯ˈdɛkʌ/ [hui̯ˈdɛgʌ],adj.,academic
huejoo,/ˈhui̯jɔː/,n.,scrap
huem,/hui̯m/,n.,ink
huerr,/hui̯r/,n.,basement; cellar
huide,/ˈhui̯dɛ/,n.,academy
huigoo,/ˈhui̯gɔː/,n.,urine
huivä,/ˈhui̯væ/,v.,dangle
hujo,/ˈhʌjɔ/,n.,fuel
huke,/ˈhʌkɛ/ [ˈhʌgɛ],v.,complain
hul,/hʌl/,n.,tongue
hum,/hʌm/,n.,person
humku,/ˈhʌmkʌ/,adj.,personal
hun,/hʌn/,v.,lend; loan
hurr,/hʌr/,adj.,dense
huu,/hʌː/,n.,member
huulau,/ˈhʌːläʌ̯/,v.,glance
huum,/hʌːm/,adv.,ever
huusuu,/ˈhʌːʃʌ/,n.,glove
i,/i/,prep.,with (accompanied by)
ibä,/ˈibæ/,v.,warn
ibee,/ˈibɛː/,n.,sense
ibejär,/iˈbɛjær/,det.,few
ibell,/ˈibɛl/,n.,echo
ibii,/ˈibiː/,n.,plane
ibue,/ˈibui̯/,n.,alphabet
ibusiii,/iˈbʌʃiː/,v.,drape
idii,/ˈidiː/,v.,retrieve; bring back; fetch
idoo,/ˈidɔː/,n.,shelter
iee,/ˈiɛː/ [jɛː],v.,steer; sail; cruise; navigate
igen,/ˈigɛn/,n.,pandemic
igi,/ˈigi/,v.,frustrate
igo,/ˈigɔ/,n.,novel
ihii,/ˈihiː/,v.,marry
ii,/iː/,num.,seven
iiba,/ˈiːbä/,n.,handcuff
iibae,/ˈiːbäi̯/,n.,gum
iido,/ˈiːdɔ/,n.,switch
iigu,/ˈiːgʌ/,adj.,sharp; steep
iiha,/ˈiːhä/,v.,lean; tilt
iiho,/ˈiːhɔ/,n.,lightning
iihuumii,/iːˈhʌːmiː/,n.,champion
iije,/ˈiːjɛ/,n.,dam
iikuso,/iːˈkʌsɔ/ [iːˈgʌsɔ],v.,accompany
iikusodo,/ˌiːkʌˈsɔdɔ/ [ˌiːgʌˈsɔdɔ],n.,company
iiluusuull,/iːˈlʌːʃʌl/,n.,birth
iim,/iːm/,n.,scissors
iimä,/ˈiːmæ/,n.,period (duration of time)
iimee,/ˈiːmɛː/,n.,instrument; tool; device; weapon; gadget
iimu,/ˈiːmʌ/,n.,membrane
iiner,/ˈiːnɛr/,n.,tone; pitch
iir,/iːr/,n.,clay
iirä,/ˈiːræ/,v.,hire; rent
iirenn,/ˈiːrɛn/,v.,replace; substitute
iiruum,/ˈiːrʌːm/,v.,desire
iisiin,/ˈiːʃin/,n.,average
iisinaa,/iːˈsinäː/ [iːʃˈnäː],v.,patrol
iisuemm,/ˈiːʃɛm/,n.,wool
iitä,/ˈiːtæ/,n.,casino
iitee,/ˈiːtɛː/,v.,connect; attach; combine; stick; cling; attribute
iiteesi,/iːˈtɛːsi/ [iːˈtɛːʃ],adj.,sticky
iivi,/ˈiːvi/,n.,amount; quantity
iivuera,/iːˈvui̯rä/,adj.,greedy
iivui,/ˈiːvui̯/,n.,greed
ijee,/ˈijɛː/,n.,gold
ijeera,/iˈjɛːrä/,adj.,golden
ijue,/ˈijui̯/,v.,sell
ijue,/ˈijui̯/,n.,sale
ijueja,/iˈjui̯jä/,n.,vendor
ikä,/ˈikæ/ [ˈigæ],n.,candle
ike,/ˈikɛ/ [ˈigɛ],n.,message
ikeldo,/iˈkɛldɔ/ [iˈgɛldɔ],n.,argument
ikell,/ˈikɛl/ [ˈigɛl],v.,argue; testify; debate
ikui,/ˈikui̯/ [ˈigui̯],n.,expert; specialist
ileepa,/iˈlɛːpä/ [iˈlɛːbä],n.,canyon
ill,/il/,v.,walk
im,/im/,n.,flavor
imi,/ˈimi/,n.,dot
imii,/ˈimiː/,adj.,major
iminiim,/iˈminiːm/,n.,hay
imuu,/ˈimʌː/,n.,rose
ini,/ˈini/,adj.,red; purple
inn,/in/,v.,wait; stay; linger
inoo,/ˈinɔː/,n.,hair (of body); fur
ipä,/ˈipæ/ [ˈibæ],n.,budget
ipi,/ˈipi/ [ˈibi],n.,mat
ipiim,/ˈipiːm/ [ˈibiːm],n.,text; prose
ipo,/ˈipɔ/ [ˈibɔ],interj.,well
ipuu,/ˈipʌː/ [ˈibʌː],v.,invite
ir,/ir/,v.,guess
ir,/ir/,n.,guess
ira,/ˈirä/,adj.,hot
iradae,/iˈrädäi̯/,n.,heat
iree,/ˈirɛː/,n.,tab
ireen,/ˈirɛːn/,v.,appreciate
iroo,/ˈirɔː/,adj.,favorite
iru,/ˈirʌ/,v.,comply; conform
isä,/ˈisæ/,n.,wife
ise,/ˈisɛ/,n.,stem
iselo,/iˈsɛlɔ/,v.,wind
isidii,/iˈsidiː/ [iʃˈdiː],v.,scream
isui,/ˈiʃi/,v.,quote
ito,/ˈitɔ/,adj.,blind
ituu,/ˈitʌː/,n.,butter
ivä,/ˈivæ/,n.,curtain
ivetu,/iˈvɛtʌ/,n.,base; ground
ivui,/ˈivui̯/,v.,march
ja,/jä/,v.,serve
jä,/jæ/,n.,level (degree; stage)
jaa,/jäː/,adj.,other; new; spare
jaakiin,/ˈjäːkiːn/ [ˈjäːgiːn],v.,damage; impair
jaakiin,/ˈjäːkiːn/ [ˈjäːgiːn],n.,damage
jaam,/jäːm/,v.,hang
jaamu,/ˈjäːmʌ/,n.,image
jaamuul,/ˈjäːmʌːl/,n.,mast
jaan,/jäːn/,n.,store; shop; business
jaar,/jäːr/,n.,nose; point
jaaraum,/ˈjäːräʌ̯m/,n.,bruise
jäbii,/ˈjæbiː/,n.,family (children and parents); family (related by blood)
jäbii fi,/ˈjæbiː fi/,n.,ancestor
jäbohee,/jæˈbɔhɛː/,n.,hangover
jado,/ˈjädɔ/,n.,service
jae,/jäi̯/,n.,house; family (children and parents); tribe
jae niji,/jäi̯ ˈniji/,n.,hospital
jael,/jäi̯l/,n.,fly
jaevau,/ˈjäi̯väʌ̯/,n.,mansion
jägedo,/jæˈgɛdɔ/,n.,policy
jaibee,/ˈjäi̯bɛː/,n.,scale (instrument for weighing)
jaiimo,/jäi̯ˈimɔ/,n.,tablet; slab; brick
jaimasuaa,/jäi̯ˈmäʃäː/,n.,niece
jaimm,/jäi̯m/,n.,second (time)
jain,/jäi̯n/,n.,cake
jaisuoo,/ˈjäi̯ʃɔː/,n.,blade; razor
jaju,/ˈjäjʌ/,n.,cauldron; kettle
jäkaa,/ˈjækäː/ [ˈjægäː],v.,respect
jäkaa,/ˈjækäː/ [ˈjægäː],n.,respect
jäko,/ˈjækɔ/ [ˈjægɔ],n.,blouse
jäkoo,/ˈjækɔː/ [ˈjægɔː],n.,pasta
jälja,/ˈjæljä/,n.,dealer
jall,/jäl/,n.,tray; platter
jäll,/jæl/,v.,deal; haggle
jam,/jäm/,n.,giant
jäm,/jæm/,n.,step (one level of stairs)
jän,/jæn/,n.,trip; tour
jann,/jän/,adj.,alone
japee,/ˈjäpɛː/ [ˈjäbɛː],adj.,quiet; shy
japo,/ˈjäpɔ/ [ˈjäbɔ],n.,genetics
jasiee,/ˈjäʃɛː/,n.,miracle
jätarr,/ˈjætär/,n.,crust
jau,/jäʌ̯/,adj.,important
jaugaum,/ˈjäʌ̯gäʌ̯m/,n.,camera
jaum,/jäʌ̯m/,adj.,former
jaun,/jäʌ̯n/,v.,flow
jaur,/jäʌ̯r/,adv.,very; really; quite; rather
javo,/ˈjävɔ/,adj.,cruel; nasty
je,/jɛ/,n.,thing; stuff; matter (substance; material); item
jee,/jɛː/,pron.,who
jeedu,/ˈjɛːdʌ/,v.,cull
jeegi,/ˈjɛːgi/,n.,silk
jeeli,/ˈjɛːli/,v.,quit; surrender; give up
jeemä,/ˈjɛːmæ/,n.,bachelor
jeemaroo,/jɛːˈmärɔː/,n.,dragon
jeemee,/ˈjɛːmɛː/,n.,crab
jeemee vaji,/ˈjɛːmɛː ˈväji/ [ˈjɛːmɛː ˈfäji],n.,lobster
jeen,/jɛːn/,n.,step (footstep)
jeene,/ˈjɛːnɛ/,n.,gun; firearm
jeeni,/ˈjɛːni/,adj.,evident
jeenidae,/jɛːˈnidäi̯/,n.,evidence
jeer,/jɛːr/,n.,magazine
jeesa,/ˈjɛːsä/,n.,hierarchy
jehee,/ˈjɛhɛː/,n.,curl
jehee päl,/ˈjɛhɛː pæl/,n.,earring
jeji,/ˈjɛji/,n.,crest
jekau,/ˈjɛkäʌ̯/ [ˈjɛgäʌ̯],n.,corn
jekoome,/jɛˈkɔːmɛ/ [jɛˈgɔːmɛ],adv.,always; all the time; forever
jeku,/ˈjɛkʌ/ [ˈjɛgʌ],n.,court (of law)
jell,/jɛl/,pron.,something
jem,/jɛm/,adj.,even; parallel
jepä,/ˈjɛpæ/ [ˈjɛbæ],v.,reflect
jepädo,/jɛˈpædɔ/ [jɛˈbædɔ],n.,reflection
jepau,/ˈjɛpäʌ̯/ [ˈjɛbäʌ̯],v.,betray
jer,/jɛr/,v.,increase; expand; enhance; boost
jera,/ˈjɛrä/,adj.,brief
jesiii,/ˈjɛʃiː/,n.,education
jesuu,/ˈjɛsʌː/ [ˈjɛʃʌ],v.,drip
jetee,/ˈjɛtɛː/,n.,dome
ji,/ji/,prep.,with (using)
jiailai,/jiˈäi̯läi̯/ [jjäi̯ˈläi̯],n.,nephew
jidirr,/ˈjidir/,n.,baby
jigii,/ˈjigiː/,v.,leap
jihee,/ˈjihɛː/,v.,export
jii,/jiː/,adv.,behind; back
jiibi,/ˈjiːbi/,v.,groan; moan
jiibo,/ˈjiːbɔ/,v.,revolve
jiibu,/ˈjiːbʌ/,n.,reward; award; prize; medal
jiiduu,/ˈjiːdʌː/,n.,child (young human being); child (son or daughter of any age)
jiige,/ˈjiːgɛ/,adj.,tropical
jiike,/ˈjiːkɛ/ [ˈjiːgɛ],v.,forge; mold
jiiki,/ˈjiːki/ [ˈjiːgi],n.,bubble
jiiko,/ˈjiːkɔ/ [ˈjiːgɔ],n.,portion; segment
jiil,/jiːl/,v.,clarify
jiilaeke,/jiːˈläi̯kɛ/ [jiːˈläi̯gɛ],v.,improve; refine
jiilenn,/ˈjiːlɛn/,n.,curve; arc
jiilitee,/jiːˈlitɛː/,n.,dynamics
jiim,/jiːm/,adv.,then
jiima,/ˈjiːmä/,n.,cement
jiinä,/ˈjiːnæ/,n.,lake
jiir,/jiːr/,n.,chin; jaw
jiisieeto,/jiːˈʃɛːtɔ/,interj.,welcome
jiisuä,/ˈjiːʃæ/,n.,lamb
jiiti,/ˈjiːti/,v.,oppress
jijee,/ˈjijɛː/,v.,mean (signify); indicate
jikii,/ˈjikiː/ [ˈjigiː],n.,chapter
jikumm,/ˈjikʌm/ [ˈjigʌm],n.,luggage; baggage
jildo,/ˈjildɔ/,n.,failure
jiledau,/jiˈlɛdäʌ̯/,adj.,crazy; insane; absurd
jilill,/ˈjilil/,n.,top (clothing)
jill,/jil/,v.,fail
jime,/ˈjimɛ/,n.,skull
jimee,/ˈjimɛː/,n.,frog
jin,/jin/,n.,screw
jipa,/ˈjipä/ [ˈjibä],n.,grandfather
jipi,/ˈjipi/ [ˈjibi],n.,trail
jir,/jir/,v.,hunt
jirja,/ˈjirjä/,n.,hunter
jiso,/ˈjisɔ/,n.,sauce
jisuä,/ˈjiʃæ/,v.,date; go out; escort
jisuepoo,/jiˈsui̯pɔː/ [jiˈsui̯bɔː],n.,system
jitii,/ˈjitiː/,v.,advocate
jo,/jɔ/,pron.,he; him; his; she; her; hers; it; its; they; them; theirs
jobo,/ˈjɔbɔ/,adj.,probable
jobope,/jɔˈbɔpɛ/ [jɔˈbɔbɛ],adv.,probably
jogu,/ˈjɔgʌ/,n.,shed
johä,/ˈjɔhæ/,v.,defeat; beat
johii,/ˈjɔhiː/,n.,information; data
jojil,/ˈjɔjil/,n.,skeptic
joko,/ˈjɔkɔ/ [ˈjɔgɔ],n.,rod; shaft; bar; cylinder; cane; whip; axle
jolämm,/ˈjɔlæm/,n.,orgasm
joll,/jɔl/,n.,bill; check
jom,/jɔm/,v.,hit; beat (strike); punch; slap; collide
jomi,/ˈjɔmi/,n.,flame
jon,/jɔn/,n.,life (lifetime); life (soul)
joner,/ˈjɔnɛr/,n.,sample
jonihee,/jɔˈnihɛː/,n.,treason
joo,/jɔː/,v.,would
jooji,/ˈjɔːji/,v.,present; introduce
jookoo,/ˈjɔːkɔː/ [ˈjɔːgɔː],v.,grow up; sprout
joom,/jɔːm/,adv.,not
joon,/jɔːn/,n.,law
joonja,/ˈjɔːnjä/,n.,lawyer
joonku,/ˈjɔːnkʌ/,adj.,legal
joor,/jɔːr/,n.,analysis
joorjä,/ˈjɔːrjæ/,v.,analyze
joove,/ˈjɔːvɛ/,v.,weave
jopo,/ˈjɔpɔ/ [ˈjɔbɔ],n.,spark
jorämi,/jɔˈræmi/,v.,pierce; prick
jorr,/jɔr/,n.,propaganda
josue,/ˈjɔʃɛ/,n.,voucher
jovirr,/ˈjɔvir/,v.,copy; imitate; replicate
jovu,/ˈjɔvʌ/,v.,watch; monitor
ju,/jʌ/,v.,know (a fact); understand
jueki,/ˈjui̯ki/ [ˈjui̯gi],v.,absorb
juelsi,/ˈjui̯lsi/ [jui̯lʃ],adj.,offensive
juerr,/jui̯r/,adj.,ignorant
juesio,/ˈjui̯ʃɔ/,n.,drill
juga,/ˈjʌgä/,n.,stick; bat (club)
jugi,/ˈjʌgi/,n.,art
jugija,/jʌˈgijä/,n.,artist
juhau,/ˈjʌhäʌ̯/,v.,look out; watch out
juhooni,/jʌˈhɔːni/,v.,trust; rely on
jui,/jui̯/,prep.,like
juigaa,/ˈjui̯gäː/,n.,tailor
juigo,/ˈjui̯gɔ/,n.,militia
juijuu,/ˈjui̯jʌː/,n.,look
juill,/jui̯l/,v.,insult; offend
juin,/jui̯n/,n.,site
jukapii,/jʌˈkäpiː/ [jʌˈgäbiː],n.,twilight
jul,/jʌl/,n.,fin (of fish)
julee,/ˈjʌlɛː/,v.,wreck
jum,/jʌm/,v.,worry
jumau,/ˈjʌmäʌ̯/,adv.,later
jumi,/ˈjʌmi/,v.,push; press; squeeze; clutch
jumi jeen,/ˈjʌmi jɛːn/,n.,footprint
junn,/jʌn/,n.,pick
jupo,/ˈjʌpɔ/ [ˈjʌbɔ],n.,knowledge
jur,/jʌr/,adj.,casual
jurä,/ˈjʌræ/,n.,wood; pole
jusa,/ˈjʌsä/,n.,eagle
jusuo,/ˈjʌʃɔ/,v.,hum
juu,/jʌː/,adj.,short; low
juugä,/ˈjʌːgæ/,n.,vest
juuke,/ˈjʌːkɛ/ [ˈjʌːgɛ],v.,rehearse; recite
juukue,/ˈjʌːkui̯/ [ˈjʌːgui̯],n.,tunnel
juul,/jʌːl/,n.,description
juuljä,/ˈjʌːljæ/,v.,describe
juun,/jʌːn/,v.,order; demand; impose
juunpo,/ˈjʌːnpɔ/,n.,order
juur,/jʌːr/,n.,resident; tenant; citizen
juutasaemm,/jʌːˈtäsäi̯m/,n.,sock
ka,/kä/,det.,that
ka,/kä/,pron.,that
kä,/kæ/,v.,think; consider; understand; ponder; grasp; inspect; scrutinize; examine; embrace
kaa,/käː/,adv.,why
kaabe,/ˈkäːbɛ/,n.,pumpkin
kaagaa,/ˈkäːgäː/,n.,compost; fertilizer
kaal,/käːl/,n.,coffee
kaam,/käːm/,n.,energy (strength; stamina)
kaan,/käːn/,adj.,automatic
kaanuupoo,/käːˈnʌːpɔː/ [käːˈnʌːbɔː],n.,valley
kaar,/käːr/,v.,compete
kaaromm,/ˈkäːrɔm/,n.,protagonist
kabo,/ˈkäbɔ/,adj.,awesome
kädä,/ˈkædæ/,n.,lottery
kade,/ˈkädɛ/,n.,sheep
kädo,/ˈkædɔ/,n.,thought
kae,/käi̯/,n.,queen
kaekuu,/ˈkäi̯kʌː/ [ˈkäi̯gʌː],n.,remains; remnant
kaem,/käi̯m/,adj.,good; excellent; fantastic; wonderful; fabulous; terrific; superb; nice; amazing
kägä,/ˈkægæ/,n.,stable
kaigi,/ˈkäi̯gi/,v.,recycle
kaivil,/ˈkäi̯vil/,v.,insist; protest
käkae,/ˈkækäi̯/ [ˈkægäi̯],v.,modify
käke,/ˈkækɛ/ [ˈkægɛ],n.,hunger
käkera,/kæˈkɛrä/ [kæˈgɛrä],adj.,hungry
käkue,/ˈkækui̯/ [ˈkægui̯],adv.,often
kal,/käl/,n.,robe; gown
kamdo,/ˈkämdɔ/,n.,reservation
kame,/ˈkämɛ/,n.,bracket
kämebi,/kæˈmɛbi/,n.,embassy
kamee,/ˈkämɛː/,n.,squirrel
kämiin,/ˈkæmiːn/,n.,puddle
kamm,/käm/,v.,get; obtain; take; capture; collect; reserve; remove; take out; deprive; take away; kidnap; possess; acquire; deposit; expel; evacuate; accumulate; compile
kämm,/kæm/,n.,event (occurrence)
kamobo,/käˈmɔbɔ/,v.,pant
kamuur,/ˈkämʌːr/,n.,insurgent; rebel
kän,/kæn/,n.,reason; logic
känku,/ˈkænkʌ/,adj.,logical
kann,/kän/,n.,kid
käno,/ˈkænɔ/,v.,strive
känra,/ˈkænrä/,adj.,reasonable
känra,/ˈkænrä/,adj.,logical
kapae,/ˈkäpäi̯/ [ˈkäbäi̯],n.,sin; crime
kär,/kær/,n.,angle; corner
karr,/kär/,adv.,therefore; thus
käruu,/ˈkærʌː/,n.,raft
käsar,/ˈkæsär/,adj.,infinite
kase,/ˈkäsɛ/,n.,bureaucrat
käsiin,/ˈkæsiːn/ [ˈkæʃin],n.,wit
kasuum,/ˈkäsʌːm/ [ˈkäʃʌm],n.,absence
kasuumra,/käˈsʌːmrä/ [käˈʃʌmrä],adj.,absent
kätu,/ˈkætʌ/,v.,buy; purchase; shop
kätu kaal,/ˈkætʌ käːl/,n.,cafe
kau,/käʌ̯/,v.,try (attempt); attempt
kaubauro,/käʌ̯ˈbäʌ̯rɔ/,n.,trumpet
kaudi,/ˈkäʌ̯di/,n.,hood
kaull,/käʌ̯l/,n.,layer; sheet
kaumii,/ˈkäʌ̯miː/,n.,bud; embryo
kaun,/käʌ̯n/,n.,coast; rib
kaupo,/ˈkäʌ̯pɔ/ [ˈkäʌ̯bɔ],n.,document
kävimo,/kæˈvimɔ/,n.,race (competition); marathon
ke,/kɛ/,v.,start; begin
ke,/kɛ/,n.,start; beginning
kebii,/ˈkɛbiː/,n.,vein
kebo,/ˈkɛbɔ/,adj.,benign; gentle
kededimm,/kɛˈdɛdim/,n.,penis
kee,/kɛː/,adv.,there
keebämm,/ˈkɛːbæm/,v.,retreat
keebue,/ˈkɛːbui̯/,adj.,formal
keego,/ˈkɛːgɔ/,n.,click
keegoopi,/kɛːˈgɔːpi/ [kɛːˈgɔːbi],adj.,huge
keehii,/ˈkɛːhiː/,n.,hook
keejee,/ˈkɛːjɛː/,n.,exhibit
keekae,/ˈkɛːkäi̯/ [ˈkɛːgäi̯],n.,anchor
keeke,/ˈkɛːkɛ/ [ˈkɛːgɛ],n.,junk
keel,/kɛːl/,n.,battle
keem,/kɛːm/,adj.,general; generic
keema,/ˈkɛːmä/,n.,visit
keeme,/ˈkɛːmɛ/,n.,tribute
keen,/kɛːn/,adj.,left
keenä,/ˈkɛːnæ/,adj.,volatile
keene,/ˈkɛːnɛ/,v.,escape
keepe,/ˈkɛːpɛ/ [ˈkɛːbɛ],adj.,acute
keer,/kɛːr/,v.,defend; guard; prevent; deter; intercept
keerdo,/ˈkɛːrdɔ/,n.,defense
keeremi,/kɛːˈrɛmi/,v.,bid
keesui,/ˈkɛːʃi/,adv.,less
keeto,/ˈkɛːtɔ/,n.,stereotype
keiku,/kɛˈikʌ/ [kɛˈigʌ],v.,hurt; injure
keja,/ˈkɛjä/,n.,pulse
keje,/ˈkɛjɛ/,adj.,triple
keji,/ˈkɛji/,n.,god
kejii,/ˈkɛjiː/,n.,vine
kekä,/ˈkɛkæ/ [ˈkɛgæ],n.,rumor; gossip
keko,/ˈkɛkɔ/ [ˈkɛgɔ],n.,venue
kel,/kɛl/,v.,win
keldo,/ˈkɛldɔ/,n.,victory
kema,/ˈkɛmä/,adj.,stupid; dumb; dull; silly; dim
kemäm,/ˈkɛmæm/,n.,piano
kemi,/ˈkɛmi/,n.,vision
kenn,/kɛn/,v.,record
kenpo,/ˈkɛnpɔ/,n.,record
kenuur,/ˈkɛnʌːr/,n.,saliva
kepe,/ˈkɛpɛ/ [ˈkɛbɛ],v.,cure
kepu,/ˈkɛpʌ/ [ˈkɛbʌ],v.,access
kepuvi,/kɛˈpʌvi/ [kɛˈbʌvi],n.,civilian
kerr,/kɛr/,v.,confuse; distract
kesenn,/ˈkɛsɛn/,n.,guilt
kesenra,/kɛˈsɛnrä/,adj.,guilty
kesuu,/ˈkɛsʌː/ [ˈkɛʃʌ],adj.,serial
ketenn,/ˈkɛtɛn/,n.,leisure; recreation
ki,/ki/,num.,first
kibaumm,/ˈkibäʌ̯m/,n.,kit
kibe,/ˈkibɛ/,v.,post
kibekim,/kiˈbɛkim/ [kiˈbɛgim],n.,spectrum
kibiin,/ˈkibiːn/,adj.,obese
kiboo,/ˈkibɔː/,n.,courtesy
kidi,/ˈkidi/,n.,elf
kidosioo,/kiˈdɔʃɔː/,n.,master; lord; boss
kigem,/ˈkigɛm/,n.,loaf; cake
kihi,/ˈkihi/,v.,plant; bury
kii,/kiː/,n.,sky
kiigar,/ˈkiːgär/,n.,university
kiige,/ˈkiːgɛ/,n.,wave (ocean); surf
kiigo,/ˈkiːgɔ/,adj.,yellow; green; blue; orange; brown
kiijeso,/kiːˈjɛsɔ/,prep.,upon
kiil,/kiːl/,n.,trauma
kiilau,/ˈkiːläʌ̯/,adj.,weird; strange; bizarre; peculiar
kiili,/ˈkiːli/,n.,fashion
kiilira,/kiːˈlirä/,adj.,fashionable
kiilo,/ˈkiːlɔ/,n.,lawn
kiim,/kiːm/,n.,money
kiin,/kiːn/,n.,north
kiipe,/ˈkiːpɛ/ [ˈkiːbɛ],n.,symbol; flag
kiipoo,/ˈkiːpɔː/ [ˈkiːbɔː],v.,speculate
kiir,/kiːr/,n.,molecule
kiisi,/ˈkiːsi/ [kiːʃ],adj.,funny
kiite,/ˈkiːtɛ/,adj.,arrogant
kiivä,/ˈkiːvæ/,v.,spit
kiji,/ˈkiji/,n.,heart; soul
kike,/ˈkikɛ/ [ˈkigɛ],v.,forget; ignore
kiko,/ˈkikɔ/ [ˈkigɔ],adv.,far; away
kil,/kil/,v.,keep (store); store
kilaudoo,/kiˈläʌ̯dɔː/,v.,innovate
kile,/ˈkilɛ/,v.,violate; assault
kilibaa,/kiˈlibäː/,v.,hiss
kim,/kim/,n.,word; name; title
kimau,/ˈkimäʌ̯/,v.,cooperate; collaborate
kime,/ˈkimɛ/,n.,armpit
kimm,/kim/,v.,name
kimuu,/ˈkimʌː/,adj.,bankrupt; broke
kin,/kin/,pron.,everything
kinä,/ˈkinæ/,n.,burger
kine,/ˈkinɛ/,adj.,hard; difficult
kioom,/ˈkiɔːm/ [kjɔːm],n.,zoo
kipau,/ˈkipäʌ̯/ [ˈkibäʌ̯],n.,demise
kipee,/ˈkipɛː/ [ˈkibɛː],v.,embark
kipo,/ˈkipɔ/ [ˈkibɔ],n.,stand
kire,/ˈkirɛ/,n.,rag
kiroo,/ˈkirɔː/,v.,bust
kirr,/kir/,v.,fall; tumble; stumble; slip
kiruu,/ˈkirʌː/,v.,enrich
kisii,/ˈkisiː/ [ˈkiʃi],v.,complicate
kisiiko,/kiˈsiːkɔ/ [kiˈʃigɔ],adj.,complex
kisio,/ˈkiʃɔ/,n.,bead
kivoo,/ˈkivɔː/,n.,security
ko,/kɔ/,adv.,now; already
kobi,/ˈkɔbi/,n.,hawk
kobu,/ˈkɔbʌ/,n.,cupboard
kogaa,/ˈkɔgäː/,v.,masturbate
kogi,/ˈkɔgi/,n.,liquid
koha,/ˈkɔhä/,n.,horn
kojuulo,/kɔˈjʌːlɔ/,conj.,unless
koki,/ˈkɔki/ [ˈkɔgi],conj.,although; though
koko,/ˈkɔkɔ/ [ˈkɔgɔ],v.,stamp
koko,/ˈkɔkɔ/ [ˈkɔgɔ],n.,stamp
kol,/kɔl/,n.,theme
kolai,/ˈkɔläi̯/,v.,realize
kom,/kɔm/,adj.,busy
kome,/ˈkɔmɛ/,v.,borrow
kon,/kɔn/,v.,install; establish
konuupä,/kɔˈnʌːpæ/ [kɔˈnʌːbæ],v.,sneeze
koo,/kɔː/,n.,school
koogiim,/ˈkɔːgiːm/,adj.,arrogant
kool,/kɔːl/,v.,please
kooldo,/ˈkɔːldɔ/,n.,pleasure
koom,/kɔːm/,n.,fish
koom jam,/kɔːm jäm/,n.,shark
koomu,/ˈkɔːmʌ/,n.,linen; fabric; textile; napkin
koor,/kɔːr/,v.,face
koosi,/ˈkɔːsi/ [kɔːʃ],n.,grave
koosidi,/kɔːˈsidi/ [kɔːʃˈdi],n.,graveyard
koosu,/ˈkɔːsʌ/ [kɔːʃ],n.,foil
kopa,/ˈkɔpä/ [ˈkɔbä],v.,mourn
kope,/ˈkɔpɛ/ [ˈkɔbɛ],n.,fang
kopii,/ˈkɔpiː/ [ˈkɔbiː],n.,chest
korr,/kɔr/,v.,ride
kosiemm,/ˈkɔʃɛm/,v.,bribe
kosium,/ˈkɔʃʌm/,v.,emphasize
kosuumdo,/kɔˈʃʌmdɔ/,n.,emphasis
kotor,/ˈkɔtɔr/,v.,flick
ku,/kʌ/,prep.,in; within; into
kue,/kui̯/,n.,point
kuegu,/ˈkui̯gʌ/,v.,commute
kueki,/ˈkui̯ki/ [ˈkui̯gi],n.,factory; mill; laboratory
kuelpe,/ˈkui̯lpɛ/,adv.,simply
kuen,/kui̯n/,v.,miss (not hit); miss (not take advantage of)
kuesaa,/ˈkui̯säː/,adj.,rough
kuesieesuaa,/kui̯ˈʃɛːʃäː/,n.,panorama
kuevä,/ˈkui̯væ/,n.,compassion; sympathy
kuiboo,/ˈkui̯bɔː/,v.,dance
kuibooja,/kui̯ˈbɔːjä/,n.,dancer
kuigo,/ˈkui̯gɔ/,n.,spider
kuihu,/ˈkui̯hʌ/,adj.,polite
kuill,/kui̯l/,adj.,easy; simple
kuje,/ˈkʌjɛ/,adj.,empty; vacant; hollow
kull,/kʌl/,n.,stream; creek
kumm,/kʌm/,adj.,big; great (very large)
kumon,/ˈkʌmɔn/,v.,delay; postpone
kun,/kʌn/,v.,fit
kunee,/ˈkʌnɛː/,n.,coat; jacket; layer; cloak
kunu,/ˈkʌnʌ/,n.,mule
kupänu,/kʌˈpænʌ/ [kʌˈbænʌ],v.,contain; include
kur,/kʌr/,v.,relieve
kusiumä,/kʌˈʃʌmæ/,n.,candidate
kusuaadii,/kʌˈʃäːdiː/,n.,butt
kuu,/kʌː/,adj.,right (direction)
kuuee,/ˈkʌːɛː/,n.,scope; extent
kuul,/kʌːl/,n.,block; cube
kuum,/kʌːm/,n.,pub; bar (pub); inn
kuumi,/ˈkʌːmi/,v.,vote
kuun,/kʌːn/,n.,liquor
kuupe,/ˈkʌːpɛ/ [ˈkʌːbɛ],n.,ornament; accessory; fixture
kuur,/kʌːr/,v.,collapse; topple
kuusaa,/ˈkʌːsäː/,adj.,happy
kuusaadae,/kʌːˈsäːdäi̯/,n.,happiness
kuusel,/ˈkʌːsɛl/,n.,chicken; fowl; poultry
kuutu,/ˈkʌːtʌ/,v.,dial
kuuvue,/ˈkʌːvui̯/,v.,found; establish
la,/lä/,n.,mother
lä,/læ/,v.,move
laa,/läː/,prep.,for (a period of time or length of distance)
laal,/läːl/,n.,space (empty area); room (space)
laalau,/ˈläːläʌ̯/,pron.,someone; somebody
laan,/läːn/,v.,recruit
laar,/läːr/,n.,future; destiny; fate
lädaa,/ˈlædäː/,n.,avenue
lädo,/ˈlædɔ/,n.,movement; motion
laebi,/ˈläi̯bi/,n.,note
laer,/läi̯r/,v.,decorate
laeri,/ˈläi̯ri/,adj.,abundant; lush; fertile
laeridae,/läi̯ˈridäi̯/,n.,fertility
laeso,/ˈläi̯sɔ/,n.,wind; breeze
lahe,/ˈlähɛ/,n.,violin
lail,/läi̯l/,adj.,competent
laimä,/ˈläi̯mæ/,n.,seed; grain; egg; semen
laipui,/ˈläi̯pui̯/ [ˈläi̯bui̯],v.,propel; hurl
läkä,/ˈlækæ/ [ˈlægæ],v.,long (want for)
läkaa,/ˈlækäː/ [ˈlægäː],v.,evoke
laki,/ˈläki/ [ˈlägi],v.,retire
lal,/läl/,n.,cartoon
läll,/læl/,det.,much
lälo,/ˈlælɔ/,v.,wink
läloo,/ˈlælɔː/,n.,noon; midday; lunch
lamee,/ˈlämɛː/,n.,berry
lämirr,/ˈlæmir/,v.,tremble; vibrate
lämm,/læm/,v.,hide; lurk
lan,/län/,prep.,near
län,/læn/,n.,orchestra
lar,/lär/,n.,compass
lärä,/ˈlæræ/,n.,chain; link
lari,/ˈläri/,n.,dinner
läsimdai,/læˈsimdäi̯/ [læʃmˈdäi̯],n.,subtlety
läsimm,/ˈlæsim/ [læʃm],adj.,subtle
lau,/läʌ̯/,adj.,only
lauje,/ˈläʌ̯jɛ/,n.,herd; flock
laurau,/ˈläʌ̯räʌ̯/,adj.,ambiguous; elusive
lautii,/ˈläʌ̯tiː/,v.,drench; saturate
le,/lɛ/,prep.,under; below
lebii,/ˈlɛbiː/,v.,audit
lee,/lɛː/,adv.,also; as well
leeki,/ˈlɛːki/ [ˈlɛːgi],n.,dictator
leeku,/ˈlɛːkʌ/ [ˈlɛːgʌ],adj.,gorgeous; handsome; attractive
leel,/lɛːl/,v.,set
leeli,/ˈlɛːli/,n.,joke
leem,/lɛːm/,num.,billion
leeno,/ˈlɛːnɔ/,n.,petal
leer,/lɛːr/,n.,bow (weapon)
leetall,/ˈlɛːtäl/,n.,race (ethnicity); ethnicity
leetu,/ˈlɛːtʌ/,v.,study; examine
leetudo,/lɛːˈtʌdɔ/,n.,study
lege,/ˈlɛgɛ/,v.,erase
lehaesau,/lɛˈhäi̯säʌ̯/,n.,oval
lehimm,/ˈlɛhim/,v.,blast
lejim,/ˈlɛjim/,n.,lion
lekä,/ˈlɛkæ/ [ˈlɛgæ],n.,seizure
lel,/lɛl/,n.,gravel
lelee,/ˈlɛlɛː/,n.,spouse
lem,/lɛm/,n.,cheese
len,/lɛn/,n.,return
lenn,/lɛn/,v.,return; go back
lenoo,/ˈlɛnɔː/,n.,trousers; pants
ler,/lɛr/,v.,astonish
leri,/ˈlɛri/,n.,mathematics
leso,/ˈlɛsɔ/,n.,frenzy; orgasm
lesuee,/ˈlɛʃɛː/,v.,show off
letii,/ˈlɛtiː/,adv.,never
levae,/ˈlɛväi̯/,n.,spa (mineral spring); resort
li,/li/,prep.,between; among
lidal,/ˈlidäl/,n.,criteria
lii,/liː/,adj.,last (only remaining)
liibe,/ˈliːbɛ/,v.,prosecute
liidi,/ˈliːdi/,v.,light; illuminate
liidira,/liːˈdirä/,adj.,bright
liihedii,/liːˈhɛdiː/,n.,prison; jail
liihediija,/ˌliːhɛˈdiːjä/,n.,prisoner
liihi,/ˈliːhi/,v.,cuddle
liil,/liːl/,n.,destiny; fate
liim,/liːm/,n.,number
liimuepo,/liːˈmui̯pɔ/ [liːˈmui̯bɔ],v.,swim
liin,/liːn/,adj.,raw
liinae,/ˈliːnäi̯/,n.,blood
liinaera,/liːˈnäi̯rä/,adj.,bloody
liinaijä,/liːˈnäi̯jæ/,v.,bleed
liir,/liːr/,n.,belly
liisi,/ˈliːsi/ [liːʃ],n.,market; mall
liisii,/ˈliːsiː/ [ˈliːʃi],n.,atmosphere
lilaa,/ˈliläː/,n.,disease; plague; defect
lill,/lil/,n.,public
limä,/ˈlimæ/,n.,sound; noise
limä kuiboo,/ˈlimæ ˈkui̯bɔː/,n.,music
limi,/ˈlimi/,n.,oasis
limii,/ˈlimiː/,n.,company
limo,/ˈlimɔ/,v.,affiliate
linn,/lin/,n.,year
linn mi,/lin mi/,n.,decade
lino,/ˈlinɔ/,n.,bunker
lir,/lir/,adj.,previous
liro,/ˈlirɔ/,n.,rust
lirpe,/ˈlirpɛ/,adv.,previously
lisiadae,/liˈʃädäi̯/,n.,sadness
lisua,/ˈliʃä/,adj.,sad
litau,/ˈlitäʌ̯/,n.,map; menu; chart; graph; diagram
litee,/ˈlitɛː/,n.,table; bench; desk
lo,/lɔ/,conj.,but
loboo,/ˈlɔbɔː/,n.,drug; medicine
loboodi,/lɔˈbɔːdi/,n.,drugstore
lobuti,/lɔˈbʌti/,v.,manage
lobutija,/ˌlɔbʌˈtijä/,n.,manager
lohii,/ˈlɔhiː/,n.,lesbian
lohuu,/ˈlɔhʌː/,n.,discourse; rhetoric
loibee,/lɔˈibɛː/,v.,attack
lojeni,/lɔˈjɛni/,adj.,backward
lokeekorr,/lɔˈkɛːkɔr/ [lɔˈgɛːgɔr],v.,invest; deposit
loko,/ˈlɔkɔ/ [ˈlɔgɔ],v.,shoot; propel; fire (detonate weapon); blast
lol,/lɔl/,n.,pond; pool
lomii,/ˈlɔmiː/,v.,harm
lomoo,/ˈlɔmɔː/,n.,jewel; gem
lon,/lɔn/,n.,beard; mane
lonee,/ˈlɔnɛː/,n.,alibi
lonelee,/lɔˈnɛlɛː/,v.,grind
lonoo,/ˈlɔnɔː/,n.,chief
lonoosee,/lɔˈnɔːsɛː/,n.,ginger
loo,/lɔː/,adj.,little
loogeen,/ˈlɔːgɛːn/,n.,backpack
loojau,/ˈlɔːjäʌ̯/,adj.,lazy
lool,/lɔːl/,v.,scramble
loom,/lɔːm/,n.,carriage
loomo,/ˈlɔːmɔ/,n.,ray (of light); radius
loon,/lɔːn/,v.,sip
loonui,/ˈlɔːnui̯/,v.,clap
loor,/lɔːr/,n.,tool; appliance; fixture
looru,/ˈlɔːrʌ/,n.,courier
lopee,/ˈlɔpɛː/ [ˈlɔbɛː],v.,bring; lead; direct; conduct
losee,/ˈlɔsɛː/,n.,wallet
losiiil,/ˈlɔʃiːl/,v.,save (put aside)
loso,/ˈlɔsɔ/,n.,clash
lu,/lʌ/,v.,try (test out); examine
lubeedaem,/lʌˈbɛːdäi̯m/,n.,custom; tradition
luem,/lui̯m/,v.,fire (from job)
luhain,/ˈlʌhäi̯n/,adj.,deep
lui,/lui̯/,adj.,same
luinärr,/ˈlui̯nær/,v.,weep
lume,/ˈlʌmɛ/,n.,seaweed
lumm,/lʌm/,n.,will
lun,/lʌn/,v.,feel (sense by touch); feel (examine by touch)
luniin,/ˈlʌniːn/,n.,disaster; catastrophe
lupe,/ˈlʌpɛ/ [ˈlʌbɛ],adj.,sour; bitter
lurr,/lʌr/,v.,strip
lusii,/ˈlʌʃi/,v.,intend
luu,/lʌː/,adj.,able; capable; ready
luudae,/ˈlʌːdäi̯/,n.,ability
luujii,/ˈlʌːjiː/,adj.,complicated
luul,/lʌːl/,n.,paint
luulja,/ˈlʌːljä/,n.,painter
luum,/lʌːm/,n.,shell
luun,/lʌːn/,v.,join; tie
luunpo,/ˈlʌːnpɔ/,n.,joint
luuvee,/ˈlʌːvɛː/,n.,fluid
luvee,/ˈlʌvɛː/,n.,hatch
ma,/mä/,v.,know (be acquainted with)
ma,/mä/,pron.,he; him; his; she; her; hers; it; its; they; them; theirs
mä,/mæ/,v.,give; let; allow; permit; approve; contribute; supply; arm
maa,/mäː/,n.,woman; mother
maahue,/ˈmäːhui̯/,n.,wire
maakä,/ˈmäːkæ/ [ˈmäːgæ],v.,tackle
maal,/mäːl/,v.,involve; entail
maapaa,/ˈmäːpäː/ [ˈmäːbäː],adj.,special; unique
maapaape,/mäːˈpäːpɛ/ [mäːˈbäːbɛ],adv.,especially
maasiu,/ˈmäːʃʌ/,n.,zombie
mäbe,/ˈmæbɛ/,n.,pen
madi,/ˈmädi/,n.,vehicle
mädo,/ˈmædɔ/,n.,permission
maejaa kam,/ˈmäi̯jäː käm/,v.,remember
maell,/mäi̯l/,n.,scar
maemm,/mäi̯m/,v.,suppress; squash; muffle
maerr,/mäi̯r/,n.,vagina
magä,/ˈmägæ/,n.,surge
mähe,/ˈmæhɛ/,n.,owl
mai,/mäi̯/,v.,say
maibi,/ˈmäi̯bi/,adj.,common; frequent; normal; regular; medium
maido,/ˈmäi̯dɔ/,n.,hut
maijaa,/ˈmäi̯jäː/,n.,memory
mairomm,/ˈmäi̯rɔm/,n.,mask; veil
maitaa,/ˈmäi̯täː/,n.,appetite
maive,/ˈmäi̯vɛ/,n.,darling
majä,/ˈmäjæ/,n.,terror
maje,/ˈmäjɛ/,n.,dignity
maji,/ˈmäji/,n.,axis
mäkobe,/mæˈkɔbɛ/ [mæˈgɔbɛ],n.,tower
makoja,/mäˈkɔjä/ [mäˈgɔjä],n.,pornography
mäkoo,/ˈmækɔː/ [ˈmægɔː],v.,detect
mal,/mäl/,n.,present; gift; souvenir
mäl,/mæl/,v.,trade
mälii,/ˈmæliː/,v.,become (begin to be)
mälja,/ˈmæljä/,n.,trader
mam,/mäm/,n.,empathy
mämä,/ˈmæmæ/,n.,sling
mäme,/ˈmæmɛ/,n.,tooth
mämedi,/mæˈmɛdi/,n.,pirate
mämeenae,/mæˈmɛːnäi̯/,n.,customer; patron
mämeja,/mæˈmɛjä/,n.,dentist
mami,/ˈmämi/,v.,exclude
mämm,/mæm/,n.,letter (written document)
mämo,/ˈmæmɔ/,n.,bathroom
män,/mæn/,v.,care
mane,/ˈmänɛ/,n.,tiger
mäni,/ˈmæni/,n.,interview
männ,/mæn/,n.,care
mänsi,/ˈmænsi/ [mænʃ],adj.,careful
mänuu,/ˈmænʌː/,n.,hallway; corridor
mapee,/ˈmäpɛː/ [ˈmäbɛː],n.,filter
mapui,/ˈmäpui̯/ [ˈmäbui̯],v.,inhibit
mar,/mär/,n.,pride
märr,/mær/,n.,worm
marra,/ˈmärrä/,adj.,proud
märue,/ˈmærui̯/,n.,horizon
mäse,/ˈmæsɛ/,v.,gain; earn
mäsioo,/ˈmæʃɔː/,n.,steel; iron
mäso,/ˈmæsɔ/,v.,pray; beg
mätärr,/ˈmætær/,v.,torture
mäte,/ˈmætɛ/,v.,blush
mau,/mäʌ̯/,num.,six
maugai,/ˈmäʌ̯gäi̯/,v.,breathe
maugo,/ˈmäʌ̯gɔ/,adj.,thick
maujii,/ˈmäʌ̯jiː/,n.,lesson
maumm,/mäʌ̯m/,n.,throat
maunn,/mäʌ̯n/,n.,alcohol
me,/mɛ/,v.,talk; speak; chat
mebee,/ˈmɛbɛː/,n.,media
mebii,/ˈmɛbiː/,n.,diaper
medoo,/ˈmɛdɔː/,v.,ban; prohibit; veto
mee,/mɛː/,v.,could
meegi,/ˈmɛːgi/,n.,front; facade
meeje,/ˈmɛːjɛ/,n.,brush; brush (for hair)
meeko,/ˈmɛːkɔ/ [ˈmɛːgɔ],n.,card; sheet
meel,/mɛːl/,v.,state; declare
meelo,/ˈmɛːlɔ/,v.,graze (feed on)
meem,/mɛːm/,n.,dream
meeme,/ˈmɛːmɛ/,n.,suit; costume; uniform
meemi,/ˈmɛːmi/,n.,silence
meemira,/mɛːˈmirä/,adj.,silent
meemjä,/ˈmɛːmjæ/,v.,dream
meemui,/ˈmɛːmui̯/,v.,worship
meenä,/ˈmɛːnæ/,n.,cell (room in a prison)
meepu,/ˈmɛːpʌ/ [ˈmɛːbʌ],n.,gauge
meer,/mɛːr/,n.,experiment
meesi,/ˈmɛːsi/ [mɛːʃ],v.,spin
meeso,/ˈmɛːsɔ/,v.,surpass; excel
mega,/ˈmɛgä/,adj.,serious
meki,/ˈmɛki/ [ˈmɛgi],n.,carpet
mekue,/ˈmɛkui̯/ [ˈmɛgui̯],v.,apply
mekuu,/ˈmɛkʌː/ [ˈmɛgʌː],v.,halt; ban; prohibit
meli,/ˈmɛli/,adj.,jealous
mem,/mɛm/,v.,rule; reign
mem,/mɛm/,n.,rule (law; regulation)
meme,/ˈmɛmɛ/,n.,summary
memi,/ˈmɛmi/,n.,crisis; catastrophe
memja,/ˈmɛmjä/,n.,ruler
memo,/ˈmɛmɔ/,n.,sex
memora,/mɛˈmɔrä/,adj.,sexual
memora lui,/mɛˈmɔrä lui̯/,n.,homosexual
menä,/ˈmɛnæ/,n.,tide
menn,/mɛn/,adj.,single
meno,/ˈmɛnɔ/,n.,apple
menol,/ˈmɛnɔl/,v.,charge
mepii,/ˈmɛpiː/ [ˈmɛbiː],n.,salt
mer,/mɛr/,n.,gas
mese,/ˈmɛsɛ/,v.,choose; select
mesedo,/mɛˈsɛdɔ/,n.,choice
mesiee,/ˈmɛʃɛː/,n.,wedding
mesiii,/ˈmɛʃiː/,pron.,nothing
mesuä,/ˈmɛʃæ/,n.,tragedy
metivä,/mɛˈtivæ/,adj.,popular; famous
metoo,/ˈmɛtɔː/,n.,palace
mi,/mi/,num.,ten
mibebae,/miˈbɛbäi̯/,v.,reproduce
miberdo,/miˈbɛrdɔ/,n.,hope
miberr,/ˈmibɛr/,v.,hope; wish
mider,/ˈmidɛr/,adj.,reluctant
midi,/ˈmidi/,n.,mustache
miee,/ˈmiɛː/ [mjɛː],adj.,sorry
migäll,/ˈmigæl/,adj.,vicious
migee,/ˈmigɛː/,n.,rationale
migir,/ˈmigir/,v.,scratch; scrape; scoop
migo,/ˈmigɔ/,n.,wheel
mihi,/ˈmihi/,v.,lose
mihido,/miˈhidɔ/,n.,loss
mii,/miː/,num.,five
mii,/ˈmii/ [mji],v.,struggle; wrestle
miiä,/ˈmiːæ/,v.,deploy
miibaa,/ˈmiːbäː/,adj.,reverse
miibaado,/miːˈbäːdɔ/,n.,reversal
miihä,/ˈmiːhæ/,n.,vampire
miihi,/ˈmiːhi/,n.,mistake; error
miihosee,/miːˈhɔsɛː/,n.,compliment
miii,/ˈmiiː/ [mjiː],adj.,awful; terrible
miiju,/ˈmiːjʌ/,v.,pat
miikiikäl,/miːˈkiːkæl/ [miːˈgiːgæl],v.,protest
miil,/miːl/,v.,thrust
miilaa,/ˈmiːläː/,adj.,eager
miiloo,/ˈmiːlɔː/,v.,fight
miiloo,/ˈmiːlɔː/,n.,fight
miim,/miːm/,n.,scene
miimatii,/miːˈmätiː/,n.,sewage
miimi,/ˈmiːmi/,v.,revise; amend
miimo,/ˈmiːmɔ/,v.,crush; grind; ruffle; cram; jam; squash
miin,/miːn/,n.,youth
miine,/ˈmiːnɛ/,n.,trigger
miinra,/ˈmiːnrä/,adj.,young
miinu,/ˈmiːnʌ/,n.,afternoon
miipa,/ˈmiːpä/ [ˈmiːbä],n.,potion; elixir
miipe,/ˈmiːpɛ/ [ˈmiːbɛ],n.,bank; stock; fund
miipoo,/ˈmiːpɔː/ [ˈmiːbɔː],n.,dwarf
miir,/miːr/,adj.,certain; sure
miirpe,/ˈmiːrpɛ/,adv.,certainly
miiru,/ˈmiːrʌ/,n.,pot; bucket; tub; basin; valley
miitän,/ˈmiːtæn/,n.,control
miitänn,/ˈmiːtæn/,v.,control
miituu,/ˈmiːtʌː/,n.,ticket; receipt
miive,/ˈmiːvɛ/,n.,bit
mijee,/ˈmijɛː/,n.,tent
miji,/ˈmiji/,n.,perfume
mikai,/ˈmikäi̯/ [ˈmigäi̯],v.,shout; yell
mikee,/ˈmikɛː/ [ˈmigɛː],n.,diameter
miki,/ˈmiki/ [ˈmigi],adj.,wild
mikoo,/ˈmikɔː/ [ˈmigɔː],n.,pencil
mikopo,/miˈkɔpɔ/ [miˈgɔbɔ],n.,slice; portion
miku,/ˈmikʌ/ [ˈmigʌ],v.,heal
mill,/mil/,n.,cave
mim,/mim/,adv.,out
mime,/ˈmimɛ/,n.,cuff
mimi,/ˈmimi/,n.,silver; money
mimo,/ˈmimɔ/,n.,lens
mimoo,/ˈmimɔː/,prep.,except; besides
mimu,/ˈmimʌ/,n.,distance; length; span
mimul,/ˈmimʌl/,n.,percent
mimura,/miˈmʌrä/,adj.,long
mimura,/miˈmʌrä/,adj.,distant
mini,/ˈmini/,n.,top; lid; peak
mini haa,/ˈmini häː/,n.,eyelid
minii,/ˈminiː/,n.,priority
minn,/min/,n.,human
minomm,/ˈminɔm/,n.,skill; talent; craft
minomra,/miˈnɔmrä/,adj.,skilled
minoo,/ˈminɔː/,n.,knife
minoovau,/miˈnɔːväʌ̯/,n.,sword
minu,/ˈminʌ/,v.,tear; rip
mipebi,/miˈpɛbi/ [miˈbɛbi],n.,servant; waiter
mipee,/ˈmipɛː/ [ˈmibɛː],n.,rank (military); rank (position)
mipo,/ˈmipɔ/ [ˈmibɔ],v.,reconcile
mirä,/ˈmiræ/,v.,paralyze
mirii,/ˈmiriː/,n.,protection
miriijä,/miˈriːjæ/,v.,protect
mirr,/mir/,v.,count
misaa,/ˈmisäː/,n.,pin
misio,/ˈmiʃɔ/,v.,stir; stoke
misiuu,/ˈmiʃʌː/,n.,phone
misuee,/ˈmiʃɛː/,v.,roam; drift
misuii,/ˈmiʃiː/,v.,whistle
mitee,/ˈmitɛː/,adj.,permanent
mitu,/ˈmitʌ/,v.,choke; gag
mive,/ˈmivɛ/,n.,raid
mo,/mɔ/,prep.,at
modi,/ˈmɔdi/,v.,certify
modipo,/mɔˈdipɔ/ [mɔˈdibɔ],n.,certificate
mogee,/ˈmɔgɛː/,v.,hop; bounce
mogo,/ˈmɔgɔ/,n.,roof; ceiling; maximum
mogoo,/ˈmɔgɔː/,n.,default
moho,/ˈmɔhɔ/,v.,feign
mojel,/ˈmɔjɛl/,n.,stomach; gut
mojiigue,/mɔˈjiːgui̯/,v.,import
mojoo,/ˈmɔjɔː/,n.,port
mojuu,/ˈmɔjʌː/,v.,crawl
moka,/ˈmɔkä/ [ˈmɔgä],v.,crumple; ruffle
moke,/ˈmɔkɛ/ [ˈmɔgɛ],n.,bra
mokee,/ˈmɔkɛː/ [ˈmɔgɛː],n.,finger; toe
mokui,/ˈmɔkui̯/ [ˈmɔgui̯],v.,bloom; blossom; flourish; sprout
mokuu,/ˈmɔkʌː/ [ˈmɔgʌː],n.,canvas
mol,/mɔl/,n.,row
mole,/ˈmɔlɛ/,n.,canoe
molii,/ˈmɔliː/,n.,turtle
mom,/mɔm/,v.,take; receive; acquire
momemä,/mɔˈmɛmæ/,n.,transport
momii,/ˈmɔmiː/,n.,team
momo,/ˈmɔmɔ/,v.,qualify
momoo,/ˈmɔmɔː/,n.,spot
momui,/ˈmɔmui̯/,n.,harbor
mone,/ˈmɔnɛ/,n.,class
mone juu,/ˈmɔnɛ jʌː/,n.,lower class
mone ro,/ˈmɔnɛ rɔ/,n.,upper class
mone siil,/ˈmɔnɛ siːl/ [ˈmɔnɛ ʃil],n.,middle class
moni,/ˈmɔni/,n.,canal
monn,/mɔn/,n.,age
monoo,/ˈmɔnɔː/,adj.,neat; fine (okay)
monote,/mɔˈnɔtɛ/,n.,constitution
moo,/mɔː/,v.,work (be employed); work (toil)
moo,/mɔː/,n.,work
mooda,/ˈmɔːdä/,v.,bend; lean
moodue,/ˈmɔːdui̯/,n.,widow
mooja,/ˈmɔːjä/,n.,worker; employee
mookiir,/ˈmɔːkiːr/ [ˈmɔːgiːr],v.,fade; evaporate
moole,/ˈmɔːlɛ/,n.,dash
moom,/mɔːm/,n.,west
moomi,/ˈmɔːmi/,v.,advance
moomii,/ˈmɔːmiː/,n.,speed; velocity
moomu,/ˈmɔːmʌ/,v.,vibrate; rattle; shiver
moon,/mɔːn/,n.,ship
moor,/mɔːr/,n.,nut
moor uvoo,/mɔːr ˈʌvɔː/,n.,coconut
mootä,/ˈmɔːtæ/,n.,moon
moove,/ˈmɔːvɛ/,n.,leverage
moovi,/ˈmɔːvi/,n.,snow
moovi,/ˈmɔːvi/,v.,snow
moovoom,/ˈmɔːvɔːm/,adj.,recent
moovoompe,/mɔːˈvɔːmpɛ/,adv.,recently
mopa,/ˈmɔpä/ [ˈmɔbä],adj.,specific; definite; particular
mope,/ˈmɔpɛ/ [ˈmɔbɛ],n.,hobby
mopi,/ˈmɔpi/ [ˈmɔbi],n.,object
mopii,/ˈmɔpiː/ [ˈmɔbiː],v.,disrupt; interrupt
moro,/ˈmɔrɔ/,n.,advice
morr,/mɔr/,adj.,real; authentic
mosi,/ˈmɔsi/ [mɔʃ],v.,volunteer; enlist
mosii,/ˈmɔʃi/,n.,biscuit
mosu,/ˈmɔsʌ/ [mɔʃ],n.,ghost
mouen,/ˈmɔui̯n/,n.,snack
movaunn,/ˈmɔväʌ̯n/,n.,bureaucracy
move,/ˈmɔvɛ/,n.,flaw; defect
movel,/ˈmɔvɛl/,v.,roll; rotate; spin
mu,/mʌ/,prep.,about; concerning; regarding
muaa,/ˈmʌäː/,n.,temper
muelja,/ˈmui̯ljä/,n.,teacher
muemomuul,/mui̯ˈmɔmʌːl/,v.,graduate
mueri,/ˈmui̯ri/,adv.,either
muerku,/ˈmui̯rkʌ/,adj.,internal
mugo,/ˈmʌgɔ/,adj.,confident
mugodae,/mʌˈgɔdäi̯/,n.,confidence
mui,/mui̯/,det.,what
mui,/mui̯/,pron.,what
muije,/ˈmui̯jɛ/,n.,whisker
muil,/mui̯l/,v.,teach; instruct; educate
muim,/mui̯m/,n.,contract; pact
muimi,/ˈmui̯mi/,n.,bracelet
muir,/mui̯r/,adj.,interior
mul,/mʌl/,prep.,alongside; as well as
mum,/mʌm/,n.,jaw
mumi,/ˈmʌmi/,n.,sketch
mumoo,/ˈmʌmɔː/,n.,rug
mun,/mʌn/,adv.,soon
munii,/ˈmʌniː/,n.,leaf; sheet; flake
mupaa,/ˈmʌpäː/ [ˈmʌbäː],adj.,ready; ripe
mupi,/ˈmʌpi/ [ˈmʌbi],n.,overdose
murr,/mʌr/,n.,friction
musi,/ˈmʌsi/ [mʌʃ],v.,whisper; murmur; mumble
muso,/ˈmʌsɔ/,n.,posture (bodily position)
musuiso,/mʌˈʃisɔ/,v.,wonder
mutautai,/mʌˈtäʌ̯täi̯/,n.,drought
mutuvo,/mʌˈtʌvɔ/,v.,publish
muudi,/ˈmʌːdi/,n.,lava
muul,/mʌːl/,v.,favor
muum,/mʌːm/,n.,scale (skin of reptiles)
muun,/mʌːn/,adv.,that
muuper,/ˈmʌːpɛr/ [ˈmʌːbɛr],n.,analogy
muute,/ˈmʌːtɛ/,n.,acronym
na,/nä/,num.,hundred
nä,/næ/,n.,state (province; country)
naa,/näː/,n.,time; past
naahu,/ˈnäːhʌ/,n.,shit
naajuu,/ˈnäːjʌː/,v.,contrast
naam,/näːm/,n.,merchandise
naaoo,/ˈnäːɔː/,v.,achieve; accomplish; work (have desired result)
naape,/ˈnäːpɛ/ [ˈnäːbɛ],n.,science
naape al,/ˈnäːpɛ äl/ [ˈnäːbɛ äl],n.,psychology
naape alja,/ˈnäːpɛ ˈäljä/ [ˈnäːbɛ ˈäljä],n.,psychologist
naape äviimi,/ˈnäːpɛ æˈviːmi/ [ˈnäːbɛ æˈviːmi],n.,linguistics
naape deen,/ˈnäːpɛ dɛːn/ [ˈnäːbɛ dɛːn],n.,astronomy
naape nee,/ˈnäːpɛ nɛː/ [ˈnäːbɛ nɛː],n.,geography
naapeja,/näːˈpɛjä/ [näːˈbɛjä],n.,scientist
naapo,/ˈnäːpɔ/ [ˈnäːbɔ],n.,crusade
naar,/näːr/,v.,swirl
naari,/ˈnäːri/,n.,apartment
naatä,/ˈnäːtæ/,det.,both
naatuun,/ˈnäːtʌːn/,n.,usher
näbii,/ˈnæbiː/,n.,smoke; dust; steam; gas; flour; powder
näbo,/ˈnæbɔ/,n.,beetle
nädo,/ˈnædɔ/,n.,trivia
naebae,/ˈnäi̯bäi̯/,v.,expose
nai,/näi̯/,n.,quality
näjo,/ˈnæjɔ/,n.,nursery
näka,/ˈnækä/ [ˈnægä],v.,panic
näl,/næl/,n.,profit
nall,/näl/,v.,crunch
nälol,/ˈnælɔl/,n.,thumb
näm,/næm/,adj.,precious; rare
nämau,/ˈnæmäʌ̯/,n.,rodent
name,/ˈnämɛ/,n.,cereal
näme,/ˈnæmɛ/,n.,tusk
nämiil,/ˈnæmiːl/,n.,conference
namu,/ˈnämʌ/,n.,stay
nan,/nän/,n.,show (performance); play (stage play)
nänä,/ˈnænæ/,v.,believe
nänädo,/næˈnædɔ/,n.,belief
näpäm,/ˈnæpæm/ [ˈnæbæm],n.,bug; insect
näpäm sane,/ˈnæpæm ˈsänɛ/ [ˈnæbæm ˈsänɛ],n.,louse
napi,/ˈnäpi/ [ˈnäbi],n.,excrement; shit; sewage
nar,/när/,v.,scare; frighten; startle
näru,/ˈnærʌ/,n.,disgust
nati,/ˈnäti/,adj.,dumb (speechless)
nätii,/ˈnætiː/,v.,thank; praise; admire; worship
nau,/näʌ̯/,num.,million
nauki,/ˈnäʌ̯ki/ [ˈnäʌ̯gi],n.,sentence
naumee,/ˈnäʌ̯mɛː/,v.,save; rescue
naumm,/näʌ̯m/,n.,memento; souvenir
naunn,/näʌ̯n/,v.,receive; gain
naurr,/näʌ̯r/,n.,ball; sphere; circle; ring
nave,/ˈnävɛ/,n.,galaxy
ne,/nɛ/,v.,try (strive); work
nebi,/ˈnɛbi/,adj.,dry
nebii,/ˈnɛbiː/,n.,update
nedii,/ˈnɛdiː/,v.,enhance
nee,/nɛː/,n.,world; sphere; earth
neede,/ˈnɛːdɛ/,v.,withstand
neegi,/ˈnɛːgi/,adj.,conscious
neeke,/ˈnɛːkɛ/ [ˈnɛːgɛ],n.,boy; son
neeko,/ˈnɛːkɔ/ [ˈnɛːgɔ],adj.,narrow
neel,/nɛːl/,v.,stop; stay; arrest; halt; paralyze
neelä,/ˈnɛːlæ/,n.,fabric; textile
neem,/nɛːm/,n.,city; metropolis
neem nude,/nɛːm ˈnʌdɛ/,n.,citadel
neemi,/ˈnɛːmi/,v.,bless
neemo,/ˈnɛːmɔ/,v.,answer; reply; react
neemo,/ˈnɛːmɔ/,n.,answer
neemra,/ˈnɛːmrä/,adj.,urban
neenaa,/ˈnɛːnäː/,n.,lamp
neer,/nɛːr/,n.,bell
neesi,/ˈnɛːsi/ [nɛːʃ],n.,loop
neetoo,/ˈnɛːtɔː/,n.,sugar
negii,/ˈnɛgiː/,n.,pea
nekoo,/ˈnɛkɔː/ [ˈnɛgɔː],n.,train
neli,/ˈnɛli/,n.,urn
nelii,/ˈnɛliː/,n.,shrub; bush
nell,/nɛl/,n.,weather; climate
neme,/ˈnɛmɛ/,n.,porch; veranda
nemm,/nɛm/,v.,request; demand
nemoose,/nɛˈmɔːsɛ/,v.,rape
nen,/nɛn/,n.,case; incident
nen deehedo,/nɛn dɛːˈhɛdɔ/,n.,coffin
neni,/ˈnɛni/,n.,mystery
neniivu,/nɛˈniːvʌ/,adj.,exempt
nepe,/ˈnɛpɛ/ [ˈnɛbɛ],n.,spoon
nerr,/nɛr/,n.,ambassador
nesee,/ˈnɛsɛː/,v.,hail
nesio,/ˈnɛʃɔ/,pron.,one
nesu,/ˈnɛsʌ/ [nɛʃ],n.,present (time)
nevi,/ˈnɛvi/,n.,artillery
ni,/ni/,det.,all
niä,/ˈniæ/ [njæ],n.,well; reservoir; fountain
nii,/niː/,adv.,off
niibämm,/ˈniːbæm/,n.,grid
niibe,/ˈniːbɛ/,adv.,how
niika,/ˈniːkä/ [ˈniːgä],n.,door
niike,/ˈniːkɛ/ [ˈniːgɛ],n.,attitude
niikoo,/ˈniːkɔː/ [ˈniːgɔː],n.,bully
niil,/niːl/,adv.,as
niim,/niːm/,adj.,best
niimaevi,/niːˈmäi̯vi/,n.,trophy; souvenir
niin,/niːn/,n.,sap
niir,/niːr/,adj.,bizarre
niisii,/ˈniːsiː/ [ˈniːʃi],n.,spur
nijaell,/ˈnijäi̯l/,n.,parsley
niji,/ˈniji/,adj.,sick; ill; unwell
nijidae,/niˈjidäi̯/,n.,sickness
nike,/ˈnikɛ/ [ˈnigɛ],prep.,according to
nili,/ˈnili/,v.,nag
nill,/nil/,n.,son
nime,/ˈnimɛ/,v.,stab
nimee,/ˈnimɛː/,n.,mistress
nimell,/ˈnimɛl/,v.,justify
nimuu,/ˈnimʌː/,n.,kidney
nina,/ˈninä/,n.,wagon
nine,/ˈninɛ/,v.,smile
ninn,/nin/,v.,drop
ninoi,/niˈnɔi/,v.,reap
nipa,/ˈnipä/ [ˈnibä],n.,oxygen
nipe,/ˈnipɛ/ [ˈnibɛ],v.,embarrass; tease; humiliate
nirämuu,/niˈræmʌː/,n.,angel; saint
nise,/ˈnisɛ/,v.,breed
nisii,/ˈnisiː/ [ˈniʃi],n.,crack
nisii,/ˈnisiː/ [ˈniʃi],v.,crack
nitu,/ˈnitʌ/,adj.,pink
nivau,/ˈniväʌ̯/,n.,pottery
nivii,/ˈniviː/,v.,glide
no,/nɔ/,n.,hand; wrist
nobau,/ˈnɔbäʌ̯/,n.,whiskey; liquor
nobee,/ˈnɔbɛː/,n.,excuse
nobeejä,/nɔˈbɛːjæ/,v.,excuse
nodä,/ˈnɔdæ/,n.,attic
nodee,/ˈnɔdɛː/,v.,withdraw; take out; extract
nogii,/ˈnɔgiː/,n.,station (railroad; bus)
nokoo,/ˈnɔkɔː/ [ˈnɔgɔː],v.,extinguish; put out
nokor,/ˈnɔkɔr/ [ˈnɔgɔr],n.,issue; concern
noldo,/ˈnɔldɔ/,n.,growth
noll,/nɔl/,v.,grow; evolve; flourish
nomm,/nɔm/,adj.,past
nomu,/ˈnɔmʌ/,v.,invade
non,/nɔn/,v.,lie
nonja,/ˈnɔnjä/,n.,liar
nono,/ˈnɔnɔ/,v.,pull; yank; tug; tow
nonpo,/ˈnɔnpɔ/,n.,lie
noo,/nɔː/,n.,game; toy; sport
noogel,/ˈnɔːgɛl/,n.,guest; patron
nooku,/ˈnɔːkʌ/ [ˈnɔːgʌ],v.,punish; abuse; torture
nookupo,/nɔːˈkʌpɔ/ [nɔːˈgʌbɔ],n.,abuse
nool,/nɔːl/,v.,interfere; intervene
nooldo,/ˈnɔːldɔ/,n.,intervention
noom,/nɔːm/,n.,week
noon,/nɔːn/,v.,flirt
noonae,/ˈnɔːnäi̯/,v.,restrict; restrain
noone,/ˈnɔːnɛ/,v.,penetrate
noonsi,/ˈnɔːnsi/ [nɔːnʃ],adj.,flirtatious
nopi,/ˈnɔpi/ [ˈnɔbi],n.,rope; line; stripe; column
nor,/nɔr/,n.,fringe; verge; mane
nosä,/ˈnɔsæ/,n.,friend; acquaintance
nosära,/nɔˈsærä/,adj.,friendly
notii,/ˈnɔtiː/,adj.,fluent
noto,/ˈnɔtɔ/,n.,villain
novo,/ˈnɔvɔ/,det.,enough
nu,/nʌ/,num.,four
nude,/ˈnʌdɛ/,n.,wall
nudii,/ˈnʌdiː/,n.,success
nudiira,/nʌˈdiːrä/,adj.,successful
nuemm,/nui̯m/,v.,cover
nueroo,/ˈnui̯rɔː/,n.,awe
nuije,/ˈnui̯jɛ/,v.,pick
nuijo,/ˈnui̯jɔ/,v.,nap
nuil,/nui̯l/,n.,meat
nuil voom,/nui̯l vɔːm/ [nui̯l fɔːm],n.,pork
nuirr,/nui̯r/,n.,car
nul,/nʌl/,v.,suck
numm,/nʌm/,n.,disk
numo,/ˈnʌmɔ/,n.,cream
numu,/ˈnʌmʌ/,v.,giggle
nur,/nʌr/,v.,persist
nurä,/ˈnʌræ/,n.,acid
nurii,/ˈnʌriː/,v.,laugh; chuckle
nurii,/ˈnʌriː/,n.,laugh
nuro,/ˈnʌrɔ/,n.,twin
nusä,/ˈnʌsæ/,v.,monitor; follow
nusiol,/ˈnʌʃɔl/,v.,regret; lament
nusiumdo,/nʌˈʃʌmdɔ/,n.,proof
nusuum,/ˈnʌʃʌm/,v.,prove
nutui,/ˈnʌtui̯/,n.,therapy
nuu,/nʌː/,n.,fat (component in food)
nuube,/ˈnʌːbɛ/,n.,suitcase; baggage
nuudiipi,/nʌːˈdiːpi/ [nʌːˈdiːbi],n.,torso
nuuge,/ˈnʌːgɛ/,n.,sausage
nuukä,/ˈnʌːkæ/ [ˈnʌːgæ],adj.,evil; mean
nuul,/nʌːl/,n.,society
nuum,/nʌːm/,adj.,loyal
nuun,/nʌːn/,adj.,different; distinct; various
nuunal,/ˈnʌːnäl/,v.,search; look up; explore; investigate; scan; seek; inquire; interrogate
nuundae,/ˈnʌːndäi̯/,n.,difference
nuuni,/ˈnʌːni/,n.,ankle
nuur,/nʌːr/,n.,brain
nuusu,/ˈnʌːsʌ/ [nʌːʃ],n.,current
o,/ɔ/,prep.,for (in favor of)
oa,/ˈɔä/,n.,plant; shrub
oba,/ˈɔbä/,n.,key
obii,/ˈɔbiː/,v.,arrest; detain
oboo,/ˈɔbɔː/,n.,comedy; humor
odä,/ˈɔdæ/,v.,smack
ode,/ˈɔdɛ/,n.,bait
odi,/ˈɔdi/,n.,clock
odo,/ˈɔdɔ/,n.,patriot
odoo,/ˈɔdɔː/,adj.,rugged
ogae,/ˈɔgäi̯/,v.,rally
ogoo,/ˈɔgɔː/,v.,cast; fling; hurl
ohe,/ˈɔhɛ/,n.,melody; tune
ohenee,/ɔˈhɛnɛː/,n.,toast
ohue,/ˈɔhui̯/,n.,tire
oja,/ˈɔjä/,n.,fairy
ojee,/ˈɔjɛː/,n.,mission
ojo,/ˈɔjɔ/,n.,knob
okue,/ˈɔkui̯/ [ˈɔgui̯],v.,rest
okuu,/ˈɔkʌː/ [ˈɔgʌː],n.,letter (of an alphabet)
ol,/ɔl/,adj.,white; blank; clear; transparent
olee,/ˈɔlɛː/,v.,glow; radiate
olem,/ˈɔlɛm/,n.,cotton
olii,/ˈɔliː/,n.,herb; flower
oma,/ˈɔmä/,v.,elevate
omapo,/ɔˈmäpɔ/ [ɔˈmäbɔ],n.,elevation
omeese,/ɔˈmɛːsɛ/,v.,kidnap
omi,/ˈɔmi/,n.,riot
omom,/ˈɔmɔm/,n.,cathedral
omoo,/ˈɔmɔː/,adv.,sometimes
omu,/ˈɔmʌ/,n.,revolution
oni,/ˈɔni/,adv.,aboard
onn,/ɔn/,n.,daughter
onon,/ˈɔnɔn/,n.,shore
onoo,/ˈɔnɔː/,v.,employ; enlist
onooja,/ɔˈnɔːjä/,n.,employer
onuu,/ˈɔnʌː/,n.,cat
onuuhi,/ɔˈnʌːhi/,n.,kitten
oo,/ɔː/,conj.,and
oobänn,/ˈɔːbæn/,n.,ferry
oobue,/ˈɔːbui̯/,adj.,cold; cool (slightly cold)
oodäm,/ˈɔːdæm/,adj.,awake; aware
oodo,/ˈɔːdɔ/,v.,complement
oohomm,/ˈɔːhɔm/,n.,origin; root
oojeesuii,/ɔːˈjɛːʃiː/,v.,separate; divide; isolate; segregate
oojeesuiido,/ˌɔːjɛːˈʃiːdɔ/,n.,division
ookä,/ˈɔːkæ/ [ˈɔːgæ],v.,chew
ookull,/ˈɔːkʌl/ [ˈɔːgʌl],prep.,inside
oom,/ɔːm/,n.,lot
oomaa,/ˈɔːmäː/,v.,visit
oomaaja,/ɔːˈmäːjä/,n.,visitor
oome,/ˈɔːmɛ/,n.,specimen
oomi,/ˈɔːmi/,n.,fat (bodily substance); fat (component in food)
oomu,/ˈɔːmʌ/,v.,destroy; devastate
oomudo,/ɔːˈmʌdɔ/,n.,destruction
oon,/ɔːn/,n.,guide
oone,/ˈɔːnɛ/,n.,jar
oor,/ɔːr/,adv.,least
ooree,/ˈɔːrɛː/,v.,elaborate
oorii,/ˈɔːriː/,v.,relate; correlate
ooriipo,/ɔːˈriːpɔ/ [ɔːˈriːbɔ],n.,relationship
oosoo,/ˈɔːsɔː/,n.,sequence
oosue,/ˈɔːsui̯/,n.,pest
ooto,/ˈɔːtɔ/,n.,muscle
ootunn,/ˈɔːtʌn/,v.,refer
oovii,/ˈɔːviː/,v.,growl
opee,/ˈɔpɛː/ [ˈɔbɛː],n.,tail; ass (slang)
opii,/ˈɔpiː/ [ˈɔbiː],n.,credit (recognition)
opo,/ˈɔpɔ/ [ˈɔbɔ],n.,garden; park
opoja,/ɔˈpɔjä/ [ɔˈbɔjä],n.,gardener
opuedai,/ɔˈpui̯däi̯/ [ɔˈbui̯däi̯],n.,anger
opui,/ˈɔpui̯/ [ˈɔbui̯],adj.,angry; mad
or,/ɔr/,v.,crash; collide
ore,/ˈɔrɛ/,v.,desert
ori,/ˈɔri/,prep.,above
oserai,/ɔˈsɛräi̯/,adj.,beautiful; attractive
oseraidae,/ˌɔsɛˈräi̯däi̯/,n.,beauty
osi,/ˈɔsi/ [ɔʃ],v.,accuse
otänn,/ˈɔtæn/,adj.,lethal; fatal
ote,/ˈɔtɛ/,n.,scandal
ovuel,/ˈɔvui̯l/,adj.,scarce
pa,/pä/,adj.,tired (needing sleep); tired (needing rest)
pä,/pæ/,adj.,fat
paa,/päː/,prep.,including
paabaa,/ˈpäːbäː/,n.,lease
paamall,/ˈpäːmäl/,v.,show; demonstrate; present
paan,/päːn/,n.,paradox
paar,/päːr/,n.,neck
päbe,/ˈpæbɛ/,n.,laundry
päbe tal,/ˈpæbɛ täl/,n.,underwear
pae,/päi̯/,v.,want; require; oblige; wish; put (cause to be)
paehija,/päi̯ˈhijä/,n.,poet
paeji,/ˈpäi̯ji/,n.,peace; harmony; melody
paejoor,/ˈpäi̯jɔːr/,n.,pole; leg
paeki,/ˈpäi̯ki/ [ˈpäi̯gi],n.,draft
pägu,/ˈpægʌ/,adv.,somewhat; fairly; pretty; quite
paihi,/ˈpäi̯hi/,n.,poem
paiho,/ˈpäi̯hɔ/,n.,news
pakii,/ˈpäkiː/ [ˈpägiː],det.,more
pal,/päl/,n.,factor
päl,/pæl/,n.,ear
päle,/ˈpælɛ/,n.,choir
päler,/ˈpælɛr/,n.,rifle
pali,/ˈpäli/,n.,opinion
pälui,/ˈpælui̯/,v.,trip; stumble; slip
päm,/pæm/,v.,inhabit
pamä,/ˈpämæ/,n.,enemy; rival
pämema,/pæˈmɛmä/,n.,passenger
pamm,/päm/,n.,aunt
pän,/pæn/,n.,accent (of language)
päna,/ˈpænä/,n.,credit (of money)
päpi,/ˈpæpi/ [ˈpæbi],v.,identify; point out; establish; diagnose
par,/pär/,n.,counsel
pär,/pær/,n.,goat
päriisä,/pæˈriːsæ/,v.,cheer
pasii,/ˈpäsiː/ [ˈpäʃi],n.,spirit
pasui,/ˈpäʃi/,v.,ache
patu,/ˈpätʌ/,n.,bedroom
pau,/päʌ̯/,n.,project
pauje,/ˈpäʌ̯jɛ/,n.,dart
pe,/pɛ/,prep.,through
pediimuu,/pɛˈdiːmʌː/,n.,faith
pedoo,/ˈpɛdɔː/,v.,lay
pee,/pɛː/,prep.,along
peedä,/ˈpɛːdæ/,n.,chemical
peeje,/ˈpɛːjɛ/,v.,refuse; veto
peeko,/ˈpɛːkɔ/ [ˈpɛːgɔ],adj.,healthy
peekodai,/pɛːˈkɔdäi̯/ [pɛːˈgɔdäi̯],n.,health
peel,/pɛːl/,n.,drama
peem,/pɛːm/,n.,lump; bump; knot
peemä,/ˈpɛːmæ/,n.,adult
peemeeni,/pɛːˈmɛːni/,v.,assume; presume; deduce
peemo,/ˈpɛːmɔ/,v.,sigh
peen,/pɛːn/,n.,clinic
peeno,/ˈpɛːnɔ/,v.,liberate
peepoo,/ˈpɛːpɔː/ [ˈpɛːbɔː],adv.,maybe; perhaps
peesiinn,/ˈpɛːʃin/,n.,figure
peesuu,/ˈpɛːʃʌ/,n.,dove
peesuuu,/ˈpɛːʃʌː/,v.,conquer
peesuuudo,/pɛːˈʃʌːdɔ/,n.,conquest
pegoo,/ˈpɛgɔː/,v.,pave
pehee,/ˈpɛhɛː/,adj.,rigorous
pehii,/ˈpɛhiː/,n.,matter (substance; material); content
pejaa,/ˈpɛjäː/,v.,repeat; replicate
pejaado,/pɛˈjäːdɔ/,n.,repetition
pejer,/ˈpɛjɛr/,n.,trunk (large box)
peji,/ˈpɛji/,n.,beam
pejii,/ˈpɛjiː/,n.,hat
pejil,/ˈpɛjil/,v.,gather; assemble; congregate; summon; accumulate; huddle
pejinn,/ˈpɛjin/,v.,depend; rely on
pejo,/ˈpɛjɔ/,n.,bottom (lowest part); buttocks
peke,/ˈpɛkɛ/ [ˈpɛgɛ],n.,charity
peki,/ˈpɛki/ [ˈpɛgi],n.,illness
pekuu,/ˈpɛkʌː/ [ˈpɛgʌː],adj.,safe; immune
pele,/ˈpɛlɛ/,v.,vindicate
pell,/pɛl/,adj.,fragile
pemm,/pɛm/,v.,fill
pemuegä,/pɛˈmui̯gæ/,adj.,extinct
pene,/ˈpɛnɛ/,n.,plateau
penee,/ˈpɛnɛː/,n.,summer
penn,/pɛn/,n.,spring (season)
perau,/ˈpɛräʌ̯/,n.,unit
peri,/ˈpɛri/,n.,girl; female
peseen,/ˈpɛsɛːn/,v.,tease; mock
pesi,/ˈpɛsi/ [pɛʃ],n.,cup; mug
pesuaam,/ˈpɛʃäːm/,n.,crew; gang
petoo,/ˈpɛtɔː/,n.,continent
pevuekau,/pɛˈvui̯käʌ̯/ [pɛˈvui̯gäʌ̯],n.,professor
pi,/pi/,v.,be (age)
piboo,/ˈpibɔː/,n.,motif
pidu,/ˈpidʌ/,n.,morning
piduu,/ˈpidʌː/,n.,lime
pige,/ˈpigɛ/,v.,disguise
pigee,/ˈpigɛː/,n.,pressure
pigii,/ˈpigiː/,n.,hub (center of activity)
pii,/piː/,n.,student
piibue,/ˈpiːbui̯/,v.,jerk
piibuu,/ˈpiːbʌː/,v.,protect
piide,/ˈpiːdɛ/,n.,response
piidejä,/piːˈdɛjæ/,v.,respond
piihau,/ˈpiːhäʌ̯/,adj.,fresh; crisp
piihem,/ˈpiːhɛm/,n.,situation (circumstances; context)
piiki,/ˈpiːki/ [ˈpiːgi],n.,carrot
piil,/piːl/,v.,become (change into); get
piila,/ˈpiːlä/,adj.,sensible
piim,/piːm/,n.,day; date
piimi,/ˈpiːmi/,n.,ramp
piin,/piːn/,n.,essence
piino,/ˈpiːnɔ/,n.,erection
piinol,/ˈpiːnɔl/,v.,shrug
piir,/piːr/,n.,option
piire,/ˈpiːrɛ/,adj.,holy; sacred
piisiä,/ˈpiːʃæ/,n.,pipe; vent
piite,/ˈpiːtɛ/,v.,scatter
piitu,/ˈpiːtʌ/,n.,century
pija,/ˈpijä/,n.,barbecue
pijäso,/piˈjæsɔ/,n.,seat; chair; buttocks; stool (seat)
pije,/ˈpijɛ/,adj.,humble; modest
pikuu,/ˈpikʌː/ [ˈpigʌː],adj.,basic
pil,/pil/,n.,hair (of head); hair (of body)
pilipe,/piˈlipɛ/ [piˈlibɛ],v.,defy
pill haa,/pil häː/,n.,eyelash
pilo,/ˈpilɔ/,n.,juice; syrup; blood
pim,/pim/,adv.,yesterday
pima,/ˈpimä/,n.,meadow; prairie
pimaa,/ˈpimäː/,n.,asteroid
pime,/ˈpimɛ/,interj.,goodbye
pimi,/ˈpimi/,det.,whose
pine,/ˈpinɛ/,v.,transcend
pinii,/ˈpiniː/,n.,culture
piniiku,/piˈniːkʌ/ [piˈniːgʌ],adj.,cultural
pinn,/pin/,v.,spell
pinpo,/ˈpinpɔ/,n.,spelling
pipe,/ˈpipɛ/ [ˈpibɛ],adj.,fine (okay)
pirir,/ˈpirir/,n.,cloth; fabric; textile
pirr,/pir/,n.,whore
pite,/ˈpitɛ/,v.,notice; recognize
pitedo,/piˈtɛdɔ/,n.,recognition
pitell,/ˈpitɛl/,n.,snake
pito,/ˈpitɔ/,adj.,native
pive,/ˈpivɛ/,v.,terminate
pivo,/ˈpivɔ/,v.,celebrate
po,/pɔ/,adj.,late
poba,/ˈpɔbä/,n.,load
podii,/ˈpɔdiː/,n.,song; music
podiija,/pɔˈdiːjä/,n.,singer
podiijä,/pɔˈdiːjæ/,v.,sing
pogui,/ˈpɔgui̯/,n.,spring (coil)
pohä,/ˈpɔhæ/,v.,plow
poke,/ˈpɔkɛ/ [ˈpɔgɛ],v.,adapt
poki,/ˈpɔki/ [ˈpɔgi],n.,bitch
pol,/pɔl/,v.,fuck (slang)
poli,/ˈpɔli/,adj.,drunk (inebriated)
pom,/pɔm/,v.,blow
pome,/ˈpɔmɛ/,v.,lick
pon,/pɔn/,n.,mail
pone,/ˈpɔnɛ/,v.,hug
poni,/ˈpɔni/,n.,doll; puppet
pono,/ˈpɔnɔ/,v.,provide
poo,/pɔː/,n.,body; corpse
poodo,/ˈpɔːdɔ/,v.,negotiate
poogä,/ˈpɔːgæ/,adv.,actually
pooji,/ˈpɔːji/,n.,prejudice
pooluu,/ˈpɔːlʌː/,n.,metro
poom,/pɔːm/,n.,stage
poon,/pɔːn/,adv.,almost
poone,/ˈpɔːnɛ/,adj.,last (final); last (previous)
poono,/ˈpɔːnɔ/,n.,strip; ribbon; tape
poor,/pɔːr/,v.,fly
poorä,/ˈpɔːræ/,v.,wake; wake up; get up
poordo,/ˈpɔːrdɔ/,n.,flight
pooro,/ˈpɔːrɔ/,v.,huddle
poosie,/ˈpɔːʃɛ/,v.,carry out; implement
popii,/ˈpɔpiː/ [ˈpɔbiː],n.,fur; mane
popii memo,/ˈpɔpiː ˈmɛmɔ/ [ˈpɔbiː ˈmɛmɔ],n.,pubic hair
popul,/ˈpɔpʌl/ [ˈpɔbʌl],n.,feather
porr,/pɔr/,adj.,slow; late
posill,/ˈpɔsil/ [pɔʃl],n.,compound
potoo,/ˈpɔtɔː/,n.,balcony; porch; terrace
povorr,/ˈpɔvɔr/,n.,den
povu,/ˈpɔvʌ/,adj.,black
pu,/pʌ/,adv.,up
pu,/pʌ/,prep.,up
pue,/pui̯/,v.,ask (invite)
puegu,/ˈpui̯gʌ/,n.,detail
pugoo,/ˈpʌgɔː/,n.,room (of house)
puhoo,/ˈpʌhɔː/,v.,peek
puimeke,/pui̯ˈmɛkɛ/ [pui̯ˈmɛgɛ],n.,bed; lounge; couch; sofa
puji,/ˈpʌji/,v.,mock; imitate
pukigi,/pʌˈkigi/ [pʌˈgigi],v.,take apart; dismantle
pukoo,/ˈpʌkɔː/ [ˈpʌgɔː],v.,taste
pul,/pʌl/,v.,guard
pulo,/ˈpʌlɔ/,adj.,minor; mere; petty
pum,/pʌm/,n.,arm; wing
pun,/pʌn/,n.,orphan
puna,/ˈpʌnä/,n.,officer
punee,/ˈpʌnɛː/,n.,cabbage
pupi,/ˈpʌpi/ [ˈpʌbi],n.,route
puu,/pʌː/,prep.,against
puum,/pʌːm/,v.,bother
puumo,/ˈpʌːmɔ/,n.,resource
puun,/pʌːn/,v.,settle
puundo,/ˈpʌːndɔ/,n.,settlement (village)
puur,/pʌːr/,prep.,beyond
puure,/ˈpʌːrɛ/,n.,shirt; blouse
puusel,/ˈpʌːsɛl/,n.,clue
ra,/rä/,det.,any
rä,/ræ/,prep.,during
raa,/räː/,v.,follow
raam,/räːm/,n.,turmoil
raani,/ˈräːni/,n.,archipelago
raasuii,/ˈräːʃiː/,n.,fruit
rae,/räi̯/,n.,air; gas; breeze
raemi,/ˈräi̯mi/,adj.,dark
ragaimu,/räˈgäi̯mʌ/,n.,capital (city)
rägi,/ˈrægi/,n.,shrimp
räguu,/ˈrægʌː/,n.,pocket
rähii,/ˈræhiː/,v.,lure; tempt
raibiibau,/räi̯ˈbiːbäʌ̯/,n.,bargain
raimidai,/räi̯ˈmidäi̯/,n.,darkness
räjee,/ˈræjɛː/,n.,illusion
raju,/ˈräjʌ/,n.,saddle
rajui,/ˈräjui̯/,n.,fog; mist
raki,/ˈräki/ [ˈrägi],adj.,instant
rakuu,/ˈräkʌː/ [ˈrägʌː],n.,mural
rali,/ˈräli/,n.,host
räll,/ræl/,n.,blanket; quilt
ramm,/räm/,v.,throw; toss; hurl; fling; cast
rämm,/ræm/,v.,shine
rämsi,/ˈræmsi/ [ræmʃ],adj.,shiny
ramue,/ˈrämui̯/,v.,enforce; compel
rämuu,/ˈræmʌː/,v.,release; let go; let out; dismiss
rän,/ræn/,n.,trend
rano,/ˈränɔ/,n.,painting
ränu,/ˈrænʌ/,n.,princess
rar vä täla,/rär væ ˈtælä/ [rär fæ ˈtælä],n.,glacier
rarr,/rär/,n.,river; creek
rärr,/rær/,v.,permit; enable
räsi,/ˈræsi/ [ræʃ],n.,pillar
räsiau,/ˈræʃäʌ̯/,n.,dune
rau,/räʌ̯/,adj.,tired (needing rest); lazy
rauju,/ˈräʌ̯jʌ/,adj.,comic
raul,/räʌ̯l/,n.,orbit
raum,/räʌ̯m/,n.,surgery
raunn,/räʌ̯n/,v.,reveal
re,/rɛ/,n.,area; region
ree,/rɛː/,conj.,if
reegeel,/ˈrɛːgɛːl/,n.,device; appliance
reegoo,/ˈrɛːgɔː/,n.,premise
reeji,/ˈrɛːji/,n.,nickname
reejiiniin,/rɛːˈjiːniːn/,n.,machine; engine; motor
reel,/rɛːl/,adv.,too; also; as well
reelä,/ˈrɛːlæ/,n.,tree; wood; shrub; forest
reelo,/ˈrɛːlɔ/,v.,bow
reem,/rɛːm/,adj.,thin (narrow)
reen,/rɛːn/,v.,judge
reenämm,/ˈrɛːnæm/,v.,owe
reer,/rɛːr/,n.,total; sum; amount
reere,/ˈrɛːrɛ/,v.,multiply
reesuä,/ˈrɛːʃæ/,n.,hurricane
rehii,/ˈrɛhiː/,n.,bass
rejä,/ˈrɛjæ/,n.,circus
rekä,/ˈrɛkæ/ [ˈrɛgæ],n.,window; nostril; view; vision
relja,/ˈrɛljä/,n.,author; writer
rell,/rɛl/,v.,write
remi,/ˈrɛmi/,v.,read
ren,/rɛn/,v.,float; hover; skim; hang
rerr,/rɛr/,n.,prey
retoopau,/rɛˈtɔːpäʌ̯/ [rɛˈtɔːbäʌ̯],n.,channel (of water); artery
revo,/ˈrɛvɔ/,n.,shoe; boot
revomim,/rɛˈvɔmim/,v.,wash; rinse; flush
ri,/ri/,det.,which
ri,/ri/,pron.,which
riä,/ˈriæ/ [rjæ],n.,mountain
riä ämm,/ˈriæ æm/ [rjæ æm],n.,volcano
ribuu,/ˈribʌː/,n.,characteristic
ride,/ˈridɛ/,n.,chord
rideguu,/riˈdɛgʌː/,n.,section; segment; compartment; piece
rido,/ˈridɔ/,n.,audience
rihi,/ˈrihi/,n.,lounge; couch; sofa
rihovaa,/riˈhɔväː/,v.,row
rii,/riː/,v.,be (temporary state); be (located)
riibiia,/riːˈbiːä/,adj.,vague; fuzzy
riideeoo,/riːˈdɛːɔː/,n.,volume; capacity
riidu,/ˈriːdʌ/,n.,counter (flat; elevated surface)
riihomm,/ˈriːhɔm/,n.,ethic; integrity
riim,/riːm/,n.,challenge
riime,/ˈriːmɛ/,n.,universe
riimimor,/riːˈmimɔr/,n.,pedestrian
riin,/riːn/,n.,paradise
riir,/riːr/,v.,dive
riivo,/ˈriːvɔ/,v.,hike
rijo,/ˈrijɔ/,adj.,cool (fashionable)
rikee,/ˈrikɛː/ [ˈrigɛː],n.,coral
riki,/ˈriki/ [ˈrigi],n.,toddler
rill,/ril/,n.,ass
rimä,/ˈrimæ/,n.,manual
rinann,/ˈrinän/,v.,sweat
rinii,/ˈriniː/,n.,mouse; rat
rinn,/rin/,v.,crack
rirr,/rir/,v.,compare
ritoo,/ˈritɔː/,n.,film
riuul,/ˈriʌːl/ [rjʌːl],n.,dawn; birth
ro,/rɔ/,adj.,high; loud; noisy
robo,/ˈrɔbɔ/,n.,fort; castle
rodae,/ˈrɔdäi̯/,n.,height
roho,/ˈrɔhɔ/,n.,knee
rojuu,/ˈrɔjʌː/,n.,spell (of magic)
rom,/rɔm/,v.,inherit
romäpä,/rɔˈmæpæ/ [rɔˈmæbæ],v.,limp
romi,/ˈrɔmi/,v.,leak
romuu,/ˈrɔmʌː/,v.,fry; simmer
ronn,/rɔn/,n.,foam
roo,/rɔː/,adv.,when
roogaa,/ˈrɔːgäː/,n.,wax
rool,/rɔːl/,n.,partner; ally
room,/rɔːm/,n.,couple
roomuu,/ˈrɔːmʌː/,n.,elk
roon,/rɔːn/,n.,vegetable
roondi,/ˈrɔːndi/,n.,grocer
roonu,/ˈrɔːnʌ/,v.,mark; stain
roonu mokee,/ˈrɔːnʌ ˈmɔkɛː/ [ˈrɔːnʌ ˈmɔgɛː],n.,fingerprint
roopu,/ˈrɔːpʌ/ [ˈrɔːbʌ],v.,endorse
roor,/rɔːr/,v.,shove
roote,/ˈrɔːtɛ/,pron.,everybody
ropoo,/ˈrɔpɔː/ [ˈrɔbɔː],v.,duck; crouch
ror,/rɔr/,v.,attract; seduce; fascinate
roruu,/ˈrɔrʌː/,n.,fracture
rota,/ˈrɔtä/,adj.,accurate; valid
rotau,/ˈrɔtäʌ̯/,v.,sponsor
roto,/ˈrɔtɔ/,n.,goal (objective); destination
rouun,/ˈrɔʌːn/,v.,sneak; creep; lurk
rovaimoo,/rɔˈväi̯mɔː/,adj.,coherent
rovee,/ˈrɔvɛː/,n.,currency
ru,/rʌ/,v.,put (place); put on
rue,/rui̯/,v.,build; construct; erect; mold
ruigega,/rui̯ˈgɛgä/,v.,deliver; transfer
ruill,/rui̯l/,n.,heaven
ruipo,/ˈrui̯pɔ/ [ˈrui̯bɔ],n.,building
rujeem,/ˈrʌjɛːm/,v.,detain; restrain
rujeempo,/rʌˈjɛːmpɔ/,n.,detention
rukau,/ˈrʌkäʌ̯/ [ˈrʌgäʌ̯],n.,nurse
rumm,/rʌm/,n.,glory; honor; integrity
runiim,/ˈrʌniːm/,n.,slave; servant
runn,/rʌn/,n.,footpath; sidewalk
rurr,/rʌr/,n.,beverage
rusim,/ˈrʌsim/ [rʌʃm],n.,oyster
ruso,/ˈrʌsɔ/,v.,sleep
ruso,/ˈrʌsɔ/,n.,sleep
ruu,/rʌː/,v.,must; have to
ruuboo,/ˈrʌːbɔː/,n.,square; cube
ruujau,/ˈrʌːjäʌ̯/,adj.,scared; afraid
ruujo,/ˈrʌːjɔ/,v.,train; coach
ruuli,/ˈrʌːli/,n.,collar
ruum,/rʌːm/,n.,chalk
ruun,/rʌːn/,n.,purpose; ambition; reason
ruupe,/ˈrʌːpɛ/ [ˈrʌːbɛ],n.,thigh
ruuri,/ˈrʌːri/,n.,flu
ruusi,/ˈrʌːsi/ [rʌːʃ],adj.,ancient; antique
ruvuu,/ˈrʌvʌː/,n.,concrete; pavement
sa,/sä/,n.,condition (requirement; stipulation)
sä,/sæ/,v.,sit
saa,/säː/,num.,two
saal,/säːl/,adv.,nevertheless; regardless; even though
saam,/säːm/,n.,hammer
säbui,/ˈsæbui̯/,adj.,sore
sädoo,/ˈsædɔː/,n.,pair
sadoon,/ˈsädɔːn/,v.,cough
saemau,/ˈsäi̯mäʌ̯/,v.,dare
saen,/säi̯n/,v.,imitate; mimic
säha,/ˈsæhä/,n.,closure
sähe,/ˈsæhɛ/,v.,criticize
sähepo,/sæˈhɛpɔ/ [sæˈhɛbɔ],n.,critique
sähesi,/sæˈhɛsi/ [sæˈhɛʃ],adj.,critical
sähuu,/ˈsæhʌː/,n.,tap (faucet)
sai,/säi̯/,conj.,or; either
saill,/säi̯l/,n.,prestige
saimm,/säi̯m/,n.,storm
sair,/säi̯r/,v.,incorporate
säjee,/ˈsæjɛː/,adj.,next
säkesiee,/sæˈkɛʃɛː/ [sæˈgɛʃɛː],adj.,regular
säl,/sæl/,adv.,once
sall,/säl/,n.,diet
säluu,/ˈsælʌː/,n.,limb; branch (tree part)
säm,/sæm/,v.,dig; bore
samäm,/ˈsämæm/,n.,descendant; offspring
sämii,/ˈsæmiː/,n.,bowl
samjä,/ˈsämjæ/,v.,weigh
samm,/säm/,n.,weight
sämsi,/ˈsæmsi/ [sæmʃ],adj.,boring
sane,/ˈsänɛ/,n.,skin
sänn,/sæn/,n.,style; tone; kind
sar,/sär/,n.,staff
särpe,/ˈsærpɛ/,adv.,usually
särr,/sær/,adj.,usual
säsa,/ˈsæsä/,n.,boat; yacht
säsae,/ˈsæsäi̯/,n.,shape; state (condition); constellation
säsai pasii,/ˈsæsäi̯ ˈpäsiː/ [ˈsæsäi̯ ˈpäʃi],n.,mood
säsaja,/sæˈsäjä/,n.,sailor
sätii,/ˈsætiː/,n.,bear
sau,/säʌ̯/,adj.,private
saum,/säʌ̯m/,v.,convict
sauna,/ˈsäʌ̯nä/,n.,proverb
se,/sɛ/,prep.,by (agent performing an action); by (author or creator)
sebii,/ˈsɛbiː/,v.,deserve
sedela,/sɛˈdɛlä/,adj.,wet; damp; moist
sedeladai,/ˌsɛdɛˈlädäi̯/,n.,moisture
sedii,/ˈsɛdiː/,n.,button (pushbutton)
sedu,/ˈsɛdʌ/,n.,dairy
see,/sɛː/,conj.,whether
seegoo,/ˈsɛːgɔː/,adj.,intense
seeho,/ˈsɛːhɔ/,n.,germ; bacteria
seeji,/ˈsɛːji/,n.,steam
seel,/sɛːl/,n.,skeleton; hull; carcass
seem,/sɛːm/,v.,turn; wind; twist; wiggle; distort
seemo,/ˈsɛːmɔ/,v.,cover up
seenu,/ˈsɛːnʌ/,n.,animal; beast; creature; organism
seepi,/ˈsɛːpi/ [ˈsɛːbi],v.,frown
seepii,/ˈsɛːpiː/ [ˈsɛːbiː],v.,chase
segä,/ˈsɛgæ/,v.,spray
segän,/ˈsɛgæn/,adj.,skinny
seguu,/ˈsɛgʌː/,n.,outline
sehe,/ˈsɛhɛ/,v.,snatch; yank
sekau,/ˈsɛkäʌ̯/ [ˈsɛgäʌ̯],n.,military
sekau kiigo,/ˈsɛkäʌ̯ ˈkiːgɔ/ [ˈsɛgäʌ̯ ˈkiːgɔ],n.,navy
seki,/ˈsɛki/ [ˈsɛgi],v.,register; book
seku,/ˈsɛkʌ/ [ˈsɛgʌ],pron.,none
seloo,/ˈsɛlɔː/,v.,need (require); need (lack)
seloo,/ˈsɛlɔː/,n.,need
selu,/ˈsɛlʌ/,v.,obey
sema,/ˈsɛmä/,n.,athlete
semm,/sɛm/,n.,liberty
semoo,/ˈsɛmɔː/,v.,burn; ignite; simmer
senaa,/ˈsɛnäː/,n.,folder
senii,/ˈsɛniː/,n.,shield; armor
senn,/sɛn/,n.,shoulder
senu,/ˈsɛnʌ/,n.,prostitute
sepo,/ˈsɛpɔ/ [ˈsɛbɔ],n.,heir
ser,/sɛr/,n.,claw
sesi,/ˈsɛsi/ [sɛʃ],n.,south
setem,/ˈsɛtɛm/,n.,lecture
si,/si/ [ʃ],prep.,on
siä,/ʃæ/,v.,leave (depart); depart
siaemaa,/ˈʃäi̯mäː/,v.,wander
siäki,/ˈʃæki/ [ˈʃægi],v.,cook (prepare food)
siälee,/ˈʃælɛː/,v.,bake
siäll,/ʃæl/,v.,pollute
siäluem,/ˈʃælui̯m/,v.,curse
siam,/ʃäm/,n.,bread
siamuusiu,/ʃäˈmʌːʃʌ/,n.,gender
siapau,/ˈʃäpäʌ̯/ [ˈʃäbäʌ̯],n.,biology
siase,/ˈʃäsɛ/,n.,composite
siäsu,/ˈʃæsʌ/ [ʃæʃ],adj.,compact
siaumm,/ʃäʌ̯m/,n.,eclipse
siaunn,/ʃäʌ̯n/,v.,encounter; confront
siävii,/ˈʃæviː/,adj.,fun
siäviidae,/ʃæˈviːdäi̯/,n.,fun
sibo,/ˈsibɔ/ [ʃbɔ],n.,goose
side,/ˈsidɛ/ [ʃdɛ],n.,weapon
sidedi,/siˈdɛdi/ [ʃdɛˈdi],n.,armory
sieedoja,/ʃɛːˈdɔjä/,n.,killer
sieegaakue,/ʃɛːˈgäːkui̯/ [ʃɛːˈgäːgui̯],n.,village
sieer,/ʃɛːr/,v.,rate
sieer,/ʃɛːr/,n.,rate
siemm,/ʃɛm/,n.,property
sien,/ʃɛn/,n.,icon
sieri,/ˈʃɛri/,v.,convert
sieva,/ˈʃɛvä/,n.,paw; hoof
sihä,/ˈsihæ/ [ʃhæ],n.,teenager; adolescent
sihi,/ˈsihi/ [ʃhi],v.,enter; invade
sihido,/siˈhidɔ/ [ʃhiˈdɔ],n.,entrance
sii,/ʃi/,n.,organism
sii,/siː/ [ʃi],n.,right; entitlement
sii jovir,/siː ˈjɔvir/ [ʃi ˈjɔvir],n.,copyright
siibi,/ˈsiːbi/ [ˈʃibi],n.,banner
siidä,/ˈsiːdæ/ [ˈʃidæ],v.,bump
siidau,/ˈʃidäʌ̯/,adj.,smart; intelligent; clever; wise
siidi,/ˈʃidi/,adj.,blonde
siigauji,/siːˈgäʌ̯ji/ [ʃiˈgäʌ̯ji],n.,fraud; hoax
siigi,/ˈʃigi/,n.,badge
siii,/ˈsiiː/ [sjiː],v.,intend
siiibuu,/ˈʃiːbʌː/,v.,report
siiibuu,/ˈʃiːbʌː/,n.,report
siiin,/ʃiːn/,adj.,sober
siil,/siːl/ [ʃil],adj.,middle
siildae,/ˈʃildäi̯/,n.,perfection
siill,/ʃil/,adj.,perfect; pure
siim,/siːm/ [ʃim],adj.,warm
siimm,/ʃim/,n.,soap
siin,/siːn/ [ʃin],n.,crumb
siipi,/ˈʃipi/ [ˈʃibi],n.,hero; idol
siir,/siːr/ [ʃir],n.,girlfriend; mistress
siirr,/ʃir/,adj.,famous
siiru,/ˈsiːrʌ/ [ˈʃirʌ],adj.,violent
siirudai,/siːˈrʌdäi̯/ [ʃiˈrʌdäi̯],n.,violence
siisi,/ˈsiːsi/ [ʃiʃ],v.,charm; seduce; tempt
sija,/ˈsijä/ [ʃjä],n.,justice; law
sijaja,/siˈjäjä/ [ʃjäˈjä],n.,judge
sikedä,/siˈkɛdæ/ [ʃkɛˈdæ],n.,scarf
sikee,/ˈsikɛː/ [ʃkɛː],n.,caterpillar
sill,/sil/ [ʃl],adj.,available
siluesuuedo,/ˌsilui̯ˈʃui̯dɔ/ [ʃlui̯ʃui̯ˈdɔ],n.,treatment
siluisuue,/siˈlui̯ʃui̯/ [ʃlui̯ˈʃui̯],v.,operate; treat
sima,/ˈsimä/ [ʃmä],n.,leg
simä,/ˈsimæ/ [ʃmæ],adj.,mobile; portable
simi,/ˈsimi/ [ʃmi],n.,tribunal
simm,/sim/ [ʃm],adj.,external
sin,/sin/ [ʃn],n.,bark (of tree)
sinii,/ˈsiniː/ [ʃniː],adj.,cheap
siogo,/ˈʃɔgɔ/,adj.,light (weight)
siomi,/ˈʃɔmi/,v.,contaminate
sioo,/ʃɔː/,det.,every; each
sioom,/ʃɔːm/,n.,journey; trip; voyage
sioon,/ʃɔːn/,n.,organ
sioosiä,/ˈʃɔːʃæ/,n.,copper; bronze
siota,/ˈʃɔtä/,v.,arrive; reach
siotado,/ʃɔˈtädɔ/,n.,arrival
sipa,/ˈsipä/ [ʃpä],n.,stump; root
sirdo,/ˈsirdɔ/ [ʃrdɔ],n.,support
sirr,/sir/ [ʃr],v.,hold; support; reinforce; supplement
sisä,/ˈsisæ/ [ʃsæ],v.,edit; revise
sisaa,/ˈsisäː/ [ʃsäː],v.,shave; graze (touch)
sito,/ˈsitɔ/ [ʃtɔ],v.,nominate
siu,/ʃʌ/,det.,this
siuepoo,/ˈʃui̯pɔː/ [ˈʃui̯bɔː],n.,dirt
siuhe,/ˈʃʌhɛ/,n.,prophet
siuihee,/ˈʃui̯hɛː/,n.,blade
siuikoo,/ˈʃui̯kɔː/ [ˈʃui̯gɔː],v.,knock
siuiku,/ˈʃui̯kʌ/ [ˈʃui̯gʌ],v.,come; go
siuim,/ʃui̯m/,adj.,classic
siuipoora,/ʃui̯ˈpɔːrä/ [ʃui̯ˈbɔːrä],adj.,dirty
siuki,/ˈʃʌki/ [ˈʃʌgi],n.,string
siulee,/ˈʃʌlɛː/,n.,celebrity
sium,/ʃʌm/,adj.,main; premier
siun,/ʃʌn/,n.,demon; monster; beast
siunihe,/ʃʌˈnihɛ/,n.,target
siuri,/ˈʃʌri/,n.,ammunition
siurr,/ʃʌr/,n.,survey
siuum,/ʃʌːm/,n.,spice
siuuso,/ˈʃʌːsɔ/,n.,glass
so,/sɔ/,v.,lack
sogii,/ˈsɔgiː/,v.,secure
sojirr,/ˈsɔjir/,n.,ant
solii,/ˈsɔliː/,n.,rubble; debris
somae,/ˈsɔmäi̯/,n.,rat
somm,/sɔm/,adj.,wrong
somo,/ˈsɔmɔ/,v.,boil; simmer
somoo,/ˈsɔmɔː/,adj.,selfish
sonn,/sɔn/,n.,soil; clay
soo,/sɔː/,adv.,still
sool,/sɔːl/,adj.,stiff; stubborn
soon,/sɔːn/,v.,sentence
soope,/ˈsɔːpɛ/ [ˈsɔːbɛ],n.,vanilla
sopä,/ˈsɔpæ/ [ˈsɔbæ],n.,sponge
sopo,/ˈsɔpɔ/ [ˈsɔbɔ],n.,cult
sopoo,/ˈsɔpɔː/ [ˈsɔbɔː],n.,passion
sorr,/sɔr/,n.,bat (winged mammal)
sosa,/ˈsɔsä/,n.,pyramid; cone
sosii,/ˈsɔʃi/,n.,cousin
soso,/ˈsɔsɔ/,n.,canopy; umbrella
sosoo,/ˈsɔsɔː/,v.,generate; spawn
sotuu,/ˈsɔtʌː/,v.,gamble
sou,/ˈsɔʌ/,v.,kick
sovä,/ˈsɔvæ/,v.,inspire; arouse; encourage
su,/sʌ/ [ʃ],v.,learn
sua,/ʃä/,interj.,okay
suaa,/ʃäː/,num.,three
suaal,/ʃäːl/,v.,freeze
suaalpo,/ˈʃäːlpɔ/,n.,frost
suäbobim,/ʃæˈbɔbim/,n.,comb; brush (for hair); broom
suädii,/ˈʃædiː/,n.,code
suaga,/ˈʃägä/,v.,ruin; spoil
suainuisii,/ʃäi̯ˈnui̯ʃi/,n.,container
suajaa,/ˈʃäjäː/,v.,persuade; convince
suämm,/ʃæm/,n.,cart
suämoo,/ˈʃæmɔː/,n.,tornado
suan,/ʃän/,n.,range; extent
suän,/ʃæn/,adj.,false; fake
suar,/ʃär/,adj.,local
suär,/ʃær/,v.,punch
suäsa,/ˈʃæsä/,v.,review; analyze
suau,/ʃäʌ̯/,v.,explain; interpret; translate
suaudo,/ˈʃäʌ̯dɔ/,n.,explanation
subasu,/sʌˈbäsʌ/ [ʃbäʃ],v.,command; dominate; supervise
sue,/sui̯/,det.,such
sue,/ʃɛ/,num.,thousand
suebuu,/ˈsui̯bʌː/,v.,sweep
suedu,/ˈʃɛdʌ/,n.,example; prototype
suee,/ʃɛː/,num.,eight
sueedo,/ˈʃɛːdɔ/,v.,kill; murder; execute
sueemaa,/ˈʃɛːmäː/,n.,hybrid
sueemoo,/ˈʃɛːmɔː/,n.,maid
sueen,/ʃɛːn/,n.,niche
sueku,/ˈʃɛkʌ/ [ˈʃɛgʌ],n.,remedy
suela,/ˈʃɛlä/,adj.,great (excellent); awesome
suemaa,/ˈʃɛmäː/,n.,lung
suemi,/ˈʃɛmi/,n.,rice
suenee,/ˈʃɛnɛː/,adj.,sole; lone
suenil,/ˈʃɛnil/,adj.,pregnant
suepii,/ˈʃɛpiː/ [ˈʃɛbiː],n.,array
suepun,/ˈʃɛpʌn/ [ˈʃɛbʌn],n.,grade; rank (position)
suibi,/ˈʃibi/,n.,thread; strand
suidauja,/ʃiˈdäʌ̯jä/,n.,wizard
suide,/ˈʃidɛ/,n.,license; patent
suii,/ʃiː/,n.,side; border; boundary; perimeter
suiige,/ˈʃiːgɛ/,n.,rebel
suiigo,/ˈʃiːgɔ/,n.,holiday; vacation
suiijive,/ʃiːˈjivɛ/,adj.,delicious
suiil,/ʃiːl/,adj.,corrupt
suiimi,/ˈʃiːmi/,v.,matter
suikee,/ˈʃikɛː/ [ˈʃigɛː],adj.,tough; robust
suikiin,/ˈʃikiːn/ [ˈʃigiːn],adj.,damp; moist
suilo,/ˈʃilɔ/,n.,oath
suimä,/ˈʃimæ/,n.,tea
suimirr,/ˈsui̯mir/,n.,crown
suimm,/sui̯m/,adj.,heavy
suimo,/ˈʃimɔ/,adj.,early
suinn,/ʃin/,n.,slope; slant; bank (river)
suinu,/ˈʃinʌ/,adj.,silly; absurd
suipä,/ˈsui̯pæ/ [ˈsui̯bæ],adj.,noble
suirr,/sui̯r/,n.,jelly; jam
suiseju,/ʃiˈsɛjʌ/,adj.,massive; enormous
suitii,/ˈʃitiː/,n.,wound; trauma
suivoo,/ˈʃivɔː/,v.,pronounce; express
suji,/ˈsʌji/ [ʃji],num.,trillion
sukuu,/ˈsʌkʌː/ [ʃkʌː],adj.,true; honest; pure; sincere; innocent; earnest; moral; wholesome
sukuudae,/sʌˈkʌːdäi̯/ [ʃkʌːˈdäi̯],n.,truth
sule,/ˈsʌlɛ/ [ʃlɛ],v.,emit; discharge; radiate
suli,/ˈsʌli/ [ʃli],n.,flood
sull,/sʌl/ [ʃl],n.,blasphemy; heresy
sumi,/ˈsʌmi/ [ʃmi],n.,pistol
summ,/sʌm/ [ʃm],n.,bicycle
sunn,/sʌn/ [ʃn],adj.,close; accurate
sunsu,/ˈsʌnsʌ/ [ʃnʃ],v.,approach
suo,/ʃɔ/,conj.,than
suoli,/ˈʃɔli/,n.,belt
suoll,/ʃɔl/,adj.,great (very large); enormous
suom,/ʃɔm/,prep.,down
suon,/ʃɔn/,v.,drift
suooji,/ˈʃɔːji/,n.,gene
suool,/ʃɔːl/,n.,nerve
suoor,/ʃɔːr/,v.,neglect; overlook
suopem,/ˈʃɔpɛm/ [ˈʃɔbɛm],n.,luxury
suor,/ʃɔr/,n.,tattoo
supä,/ˈsʌpæ/ [ʃpæ],n.,siege
supi,/ˈsʌpi/ [ʃpi],n.,fetus; embryo
sure,/ˈsʌrɛ/ [ʃrɛ],n.,paper
susoo,/ˈsʌsɔː/ [ʃsɔː],n.,beach
suu,/sʌː/ [ʃʌ],v.,expect; hope; anticipate
suu,/ʃʌ/,pron.,this
suu aanoo,/ʃʌ ˈäːnɔː/,adv.,tonight
suuä,/ˈsʌːæ/ [ˈʃʌæ],n.,diner
suubue,/ˈsʌːbui̯/ [ˈʃʌbui̯],n.,vocabulary
suuduun,/ˈsʌːdʌːn/ [ˈʃʌdʌːn],n.,net
suue,/ʃui̯/,adv.,yet
suuepi,/ˈʃui̯pi/ [ˈʃui̯bi],n.,funeral
suuerä,/ˈʃui̯ræ/,n.,bullet
suukinoo,/sʌːˈkinɔː/ [ʃʌˈginɔː],v.,inflict; impose
suulueteen,/sʌːˈlui̯tɛːn/ [ʃʌˈlui̯tɛːn],n.,empire
suum,/sʌːm/ [ʃʌm],adj.,sudden; abrupt; swift
suumoo,/ˈsʌːmɔː/ [ˈʃʌmɔː],n.,army
suumpe,/ˈsʌːmpɛ/ [ˈʃʌmpɛ],adv.,suddenly
suun,/sʌːn/ [ʃʌn],n.,dog
suun miki,/sʌːn ˈmiki/ [ʃʌn ˈmigi],n.,wolf
suunhi,/ˈsʌːnhi/ [ˈʃʌnhi],n.,puppy
suur,/sʌːr/ [ʃʌr],n.,cherry
suuto,/ˈsʌːtɔ/ [ˈʃʌtɔ],adj.,sweet; delicious
suutuu,/ˈsʌːtʌː/ [ˈʃʌtʌː],v.,blame; accuse
suuuno,/ˈʃʌːnɔ/,v.,crave; miss (long for)
suuur,/ʃʌːr/,n.,hole; ditch; well; trench
suuusa,/ˈʃʌːsä/,n.,box; crate
suuuso haa,/ˈʃʌːsɔ häː/,n.,glasses
suuuvo,/ˈʃʌːvɔ/,v.,avoid; escape
suuvau,/ˈsʌːväʌ̯/ [ˈʃʌväʌ̯],n.,stool (seat)
ta,/tä/,n.,force; strength
tä,/tæ/,n.,head
tä,/tæ/,n.,leader
taa,/täː/,v.,reach
taadaar,/ˈtäːdäːr/,n.,blur
taajii,/ˈtäːjiː/,n.,horse
taajii holui,/ˈtäːjiː ˈhɔlui̯/,n.,camel
taakee,/ˈtäːkɛː/ [ˈtäːgɛː],v.,smirk
taam,/täːm/,n.,technology
taamku,/ˈtäːmkʌ/,adj.,technological
taape,/ˈtäːpɛ/ [ˈtäːbɛ],n.,goblin
taasi,/ˈtäːsi/ [täːʃ],n.,barrier; hurdle
taatä,/ˈtäːtæ/,v.,vomit
tabe,/ˈtäbɛ/,n.,spy; scout
täbo,/ˈtæbɔ/,n.,gallery (art)
tädihu,/tæˈdihʌ/,n.,jersey; sweater
taebau,/ˈtäi̯bäʌ̯/,n.,wine
taebaudi,/täi̯ˈbäʌ̯di/,n.,winery
taedau,/ˈtäi̯däʌ̯/,v.,dodge
taedo,/ˈtäi̯dɔ/,n.,cannon
tael,/täi̯l/,n.,forefather
tägäl,/ˈtægæl/,v.,grunt
täge,/ˈtægɛ/,n.,prism
tai,/täi̯/,adj.,right; correct; appropriate; valid; moral
taikenn,/ˈtäi̯kɛn/ [ˈtäi̯gɛn],n.,furniture
tain,/täi̯n/,n.,mold
takii,/ˈtäkiː/ [ˈtägiː],n.,clerk; accountant
täl,/tæl/,v.,screw
täla,/ˈtælä/,n.,rock; stone; gravel; metal
tälä,/ˈtælæ/,v.,cater
tall,/täl/,n.,floor; ground; bottom (lowest part)
talonn,/ˈtälɔn/,n.,strawberry
täluu,/ˈtælʌː/,n.,complex
tam,/täm/,v.,bond
täma,/ˈtæmä/,n.,abdomen
tämm,/tæm/,n.,lettuce
tämo,/ˈtæmɔ/,v.,erode
tän,/tæn/,n.,boyfriend
tänirr,/ˈtænir/,n.,fuse
tara,/ˈtärä/,adj.,strong
tärä,/ˈtæræ/,det.,several
tardo,/ˈtärdɔ/,n.,excitement
tärdo,/ˈtærdɔ/,n.,advertisement
tärii,/ˈtæriː/,n.,creek
tarr,/tär/,v.,excite
tärr,/tær/,v.,display; advertise
tätii,/ˈtætiː/,v.,rock (move back and forth); toss
tau,/täʌ̯/,adj.,new; current
taull,/täʌ̯l/,n.,kitchen; cuisine
taum,/täʌ̯m/,v.,stalk
taun,/täʌ̯n/,adj.,aroused (sexually)
taurr,/täʌ̯r/,v.,smell (emit odor); stink
tausiaa,/ˈtäʌ̯ʃäː/,n.,void
te,/tɛ/,adv.,so; therefore; thus
tebä,/ˈtɛbæ/,n.,emotion; affection; passion
tebiho,/tɛˈbihɔ/,n.,fatigue
teboo,/ˈtɛbɔː/,v.,drink
teboo,/ˈtɛbɔː/,n.,drink
tee,/tɛː/,v.,call (refer to by ); name
teeki,/ˈtɛːki/ [ˈtɛːgi],v.,cry; shout; exclaim; proclaim; affirm; sob
teel,/tɛːl/,n.,shame; stigma; guilt
teem,/tɛːm/,n.,task; chore
teemaa,/ˈtɛːmäː/,v.,migrate
teemi,/ˈtɛːmi/,adj.,gay; homosexual
teemo,/ˈtɛːmɔ/,v.,fix; mend; repair; amend; recover
teen,/tɛːn/,n.,chance; odds
teenee,/ˈtɛːnɛː/,v.,spank
teeni,/ˈtɛːni/,v.,blink
teeniin,/ˈtɛːniːn/,v.,direct; conduct
teepä,/ˈtɛːpæ/ [ˈtɛːbæ],adj.,whole; entire
teer,/tɛːr/,adj.,significant
teetell,/ˈtɛːtɛl/,n.,band (musical group)
teevem,/ˈtɛːvɛm/,v.,agree; admit; confess
teevemdo,/tɛːˈvɛmdɔ/,n.,agreement
teevemuum,/tɛːˈvɛmʌːm/,v.,consolidate; incorporate
teguu,/ˈtɛgʌː/,n.,knight
tehiin,/ˈtɛhiːn/,n.,hell
teji,/ˈtɛji/,n.,chaos
tejii,/ˈtɛjiː/,v.,run
tejiija,/tɛˈjiːjä/,n.,runner
tejoo,/ˈtɛjɔː/,n.,mosquito
tekue,/ˈtɛkui̯/ [ˈtɛgui̯],n.,needle
tell,/tɛl/,n.,honey
temi,/ˈtɛmi/,conj.,while
tenn,/tɛn/,n.,list; column
tepau,/ˈtɛpäʌ̯/ [ˈtɛbäʌ̯],n.,arch; arc
tepi,/ˈtɛpi/ [ˈtɛbi],n.,revenge
terr,/tɛr/,n.,liver
tesie,/ˈtɛʃɛ/,n.,island
tetau,/ˈtɛtäʌ̯/,n.,wrinkle; crease; kink (sharp twist)
teti,/ˈtɛti/,n.,inn; lodge
tevipeen,/tɛˈvipɛːn/ [tɛˈvibɛːn],n.,demographic
ti,/ti/,adv.,down
ti fuimm,/ti fui̯m/,n.,dusk
tidoo,/ˈtidɔː/,v.,keep (save; retain); carry
tigo,/ˈtigɔ/,v.,attend; date; go out; show up
tii,/tiː/,n.,kind; type
tiibi,/ˈtiːbi/,n.,character; persona
tiihu,/ˈtiːhʌ/,adj.,deliberate
tiil,/tiːl/,v.,create; invent
tiile,/ˈtiːlɛ/,n.,helmet
tiim,/tiːm/,n.,structure
tiimoo,/ˈtiːmɔː/,n.,surface; skin
tiin,/tiːn/,adj.,ironic
tiindae,/ˈtiːndäi̯/,n.,irony
tiipe,/ˈtiːpɛ/ [ˈtiːbɛ],n.,territory; state (province; country)
tiipu,/ˈtiːpʌ/ [ˈtiːbʌ],n.,saw
tiir,/tiːr/,v.,govern
tiirdo,/ˈtiːrdɔ/,n.,government
tiji,/ˈtiji/,v.,stand; stay; remain
tijii,/ˈtijiː/,v.,brace
tijui,/ˈtijui̯/,adj.,nice
tiki,/ˈtiki/ [ˈtigi],v.,assault
tikuusuue,/tiˈkʌːʃui̯/ [tiˈgʌːʃui̯],v.,abolish
tilai,/ˈtiläi̯/,v.,hang out
till,/til/,adj.,weak
tinn,/tin/,v.,measure; calculate
tipä,/ˈtipæ/ [ˈtibæ],num.,second
tipaejee,/tiˈpäi̯jɛː/ [tiˈbäi̯jɛː],n.,fear
tipeelii,/tiˈpɛːliː/ [tiˈbɛːliː],n.,tie
tirä,/ˈtiræ/,v.,stress; emphasize
tirr,/tir/,n.,barrel; drum
tiruejä,/tiˈrui̯jæ/,v.,populate
tirui,/ˈtirui̯/,n.,town; population; village
to,/tɔ/,det.,no
tobi,/ˈtɔbi/,v.,sway; convince
tobii,/ˈtɔbiː/,n.,coin; currency
toerii,/tɔˈɛriː/,v.,capture; seize
tokomm,/ˈtɔkɔm/ [ˈtɔgɔm],n.,sweetheart
toll,/tɔl/,n.,valve
toluu,/ˈtɔlʌː/,v.,solve; figure out; calculate
tom,/tɔm/,adj.,wide; broad
tomdai,/ˈtɔmdäi̯/,n.,width
too,/tɔː/,v.,tell; speak; state; announce; explain; mention; instruct
toogi,/ˈtɔːgi/,v.,share; split
tookä,/ˈtɔːkæ/ [ˈtɔːgæ],v.,like; love; admire; enjoy
tookäja,/tɔːˈkæjä/ [tɔːˈgæjä],n.,lover
tooke,/ˈtɔːkɛ/ [ˈtɔːgɛ],adj.,hot (attractive)
tool,/tɔːl/,n.,arrow (weapon); arrow (sign)
toole,/ˈtɔːlɛ/,n.,romance
toom,/tɔːm/,v.,find; discover; encounter; uncover
toon,/tɔːn/,v.,doubt
toor,/tɔːr/,v.,catch; grab; arrest; clutch; grasp; grip; intercept
toporr,/ˈtɔpɔr/ [ˈtɔbɔr],n.,accident; catastrophe
torr,/tɔr/,n.,wildlife
tosehi,/tɔˈsɛhi/,n.,bottle
toso,/ˈtɔsɔ/,n.,peasant
tota,/ˈtɔtä/,v.,pour; spill; drain
totii,/ˈtɔtiː/,adv.,else; otherwise
tovaa,/ˈtɔväː/,v.,supervise
tu,/tʌ/,v.,ask (request)
tube,/ˈtʌbɛ/,v.,haunt
tudi,/ˈtʌdi/,v.,discourage; deter
tue,/tui̯/,v.,live; exist
tueduu,/ˈtui̯dʌː/,adj.,fast; smart; intelligent; quick
tuejem,/ˈtui̯jɛm/,n.,discount
tuekänirr,/tui̯ˈkænir/ [tui̯ˈgænir],n.,ward
tueke,/ˈtui̯kɛ/ [ˈtui̯gɛ],n.,reef
tuemoo,/ˈtui̯mɔː/,n.,religion
tuepii,/ˈtui̯piː/ [ˈtui̯biː],n.,province
tuesee,/ˈtui̯sɛː/,n.,interest (curiosity; concern)
tuetä,/ˈtui̯tæ/,v.,relax
tuge,/ˈtʌgɛ/,v.,vary; differ
tugeja,/tʌˈgɛjä/,n.,variable
tui,/tui̯/,n.,life (living organism)
tuido,/ˈtui̯dɔ/,n.,existence
tuiduupe,/tui̯ˈdʌːpɛ/ [tui̯ˈdʌːbɛ],adv.,quickly
tuim,/tui̯m/,n.,nail
tuimooku,/tui̯ˈmɔːkʌ/ [tui̯ˈmɔːgʌ],adj.,religious
tuinä,/ˈtui̯næ/,adj.,naive; innocent
tuinuu,/ˈtui̯nʌː/,n.,contact
tuipi,/ˈtui̯pi/ [ˈtui̯bi],n.,bean
tujumm,/ˈtʌjʌm/,n.,winter
tuke,/ˈtʌkɛ/ [ˈtʌgɛ],n.,mafia; mob
tukii,/ˈtʌkiː/ [ˈtʌgiː],n.,almond
tull,/tʌl/,adj.,flat; smooth; sleek
tumii,/ˈtʌmiː/,n.,reptile
tumm,/tʌm/,v.,pause
tunn,/tʌn/,v.,appeal
tunu,/ˈtʌnʌ/,v.,devote; donate
tupem,/ˈtʌpɛm/ [ˈtʌbɛm],n.,doctor
tupim,/ˈtʌpim/ [ˈtʌbim],n.,secret
tur,/tʌr/,n.,nest
turo,/ˈtʌrɔ/,n.,habit; bias
tuu,/tʌː/,adv.,ago
tuugii,/ˈtʌːgiː/,n.,medicine
tuugiiku,/tʌːˈgiːkʌ/ [tʌːˈgiːgʌ],adj.,medical
tuukee,/ˈtʌːkɛː/ [ˈtʌːgɛː],n.,staple
tuul,/tʌːl/,n.,witness
tuulo,/ˈtʌːlɔ/,adj.,plausible
tuum,/tʌːm/,n.,virgin
tuumii,/ˈtʌːmiː/,v.,travel
tuumiija,/tʌːˈmiːjä/,n.,tourist
tuumiin,/ˈtʌːmiːn/,n.,wardrobe
tuunauve,/tʌːˈnäʌ̯vɛ/,n.,clown
tuune,/ˈtʌːnɛ/,v.,lift; raise; climb; escalate
tuupi,/ˈtʌːpi/ [ˈtʌːbi],v.,prowl
tuuta,/ˈtʌːtä/,v.,satisfy; convince
u,/ʌ/,n.,rain; shower
ubam,/ˈʌbäm/,n.,towel
udo,/ˈʌdɔ/,v.,regard; deem
uebe,/ˈui̯bɛ/,v.,announce; proclaim; testify
uebee,/ˈui̯bɛː/,v.,clip; snip; trim
uejol,/ˈui̯jɔl/,n.,waist
uekado,/ui̯ˈkädɔ/ [ui̯ˈgädɔ],n.,action (movement)
ueloo,/ˈui̯lɔː/,n.,garbage; trash; rubbish; rubble; debris
uem,/ui̯m/,v.,pay
uemee,/ˈui̯mɛː/,v.,peer; squint
uenn nee,/ui̯n nɛː/,n.,earthquake
uepe,/ˈui̯pɛ/ [ˈui̯bɛ],adj.,miniature
uepo,/ˈui̯pɔ/ [ˈui̯bɔ],n.,farm; pasture
uepoja,/ui̯ˈpɔjä/ [ui̯ˈbɔjä],n.,farmer
uer,/ui̯r/,adj.,imminent; pending
uevoo,/ˈui̯vɔː/,v.,focus
ugo,/ˈʌgɔ/,n.,minute
uhue,/ˈʌhui̯/,n.,post
uhuu,/ˈʌhʌː/,n.,police
ui,/ui̯/,prep.,of
ui,/ui̯/,pron.,I; me; mine; we; us; ours
uika,/ˈui̯kä/ [ˈui̯gä],v.,perform; behave
uikaa,/ˈui̯käː/ [ˈui̯gäː],adj.,keen
uil,/ui̯l/,n.,flour
uin,/ui̯n/,v.,shake; rattle; shudder; shiver
uiti,/ˈui̯ti/,v.,cross
uitue,/ˈui̯tui̯/,n.,gravity
ujä,/ˈʌjæ/,n.,calf
ukar,/ˈʌkär/ [ˈʌgär],n.,lap
uki,/ˈʌki/ [ˈʌgi],adj.,round
ukii,/ˈʌkiː/ [ˈʌgiː],v.,illustrate; describe
ukim,/ˈʌkim/ [ˈʌgim],adj.,solid
uko,/ˈʌkɔ/ [ˈʌgɔ],n.,statistic
ul,/ʌl/,v.,rise; escalate
ulaa,/ˈʌläː/,n.,oven
ule,/ˈʌlɛ/,n.,apron
ului,/ˈʌlui̯/,n.,half
um,/ʌm/,pron.,anything
umepä,/ʌˈmɛpæ/ [ʌˈmɛbæ],v.,obsess
umi,/ˈʌmi/,n.,electricity
un,/ʌn/,n.,bird
upe,/ˈʌpɛ/ [ˈʌbɛ],adj.,gross
ur,/ʌr/,v.,should
uroo,/ˈʌrɔː/,v.,stack
uu,/ʌː/,v.,do; make; produce (manufacture); build; construct; create; prepare; earn; compel; induce; put (cause to be)
uu memo,/ʌː ˈmɛmɔ/,v.,have sex
uudiisiaa,/ʌːˈdiːʃäː/,v.,concentrate
uugii,/ˈʌːgiː/,v.,peel
uugo,/ˈʌːgɔ/,v.,melt; dissolve; fade
uuhil,/ˈʌːhil/,n.,infant
uuji,/ˈʌːji/,v.,shuffle; shift
uujoo,/ˈʌːjɔː/,v.,launch; hurl; embark
uujue,/ˈʌːjui̯/,adj.,necessary
uukä,/ˈʌːkæ/ [ˈʌːgæ],adj.,convenient
uul,/ʌːl/,adv.,only; merely; hardly
uulii,/ˈʌːliː/,n.,thunder
uum,/ʌːm/,n.,fiber
uumä,/ˈʌːmæ/,v.,afford
uumi,/ˈʌːmi/,v.,surprise; startle
uumoon,/ˈʌːmɔːn/,v.,belong
uun,/ʌːn/,n.,uncle
uunoni,/ʌːˈnɔni/,n.,stalemate
uunu,/ˈʌːnʌ/,n.,pump
uupo,/ˈʌːpɔ/ [ˈʌːbɔ],n.,product (item made)
uupu,/ˈʌːpʌ/ [ˈʌːbʌ],interj.,hello
uur,/ʌːr/,n.,field; pasture
uuvä,/ˈʌːvæ/,v.,bang
uvije,/ʌˈvijɛ/,adj.,tall
uvoo,/ˈʌvɔː/,n.,milk
va,/vä/ [fä],conj.,when
vä,/væ/ [fæ],n.,water
vä haa,/væ häː/ [fæ häː],n.,tear
vä täla,/væ ˈtælä/ [fæ ˈtælä],n.,ice
vaa,/väː/ [fäː],n.,man
vaajo,/ˈväːjɔ/ [ˈfäːjɔ],n.,double
vaakii,/ˈväːkiː/ [ˈfäːgiː],v.,dispose
vaanoo,/ˈväːnɔː/ [ˈfäːnɔː],n.,coil
vaar,/väːr/ [fäːr],v.,avert; divert; distract
vaatikee,/väːˈtikɛː/ [fäːˈtigɛː],n.,tribe; clan
vae,/väi̯/ [fäi̯],n.,history; past
vaell,/väi̯l/ [fäi̯l],n.,clan; kin
vagi,/ˈvägi/ [ˈfägi],v.,suspect
vagiko,/väˈgikɔ/ [fäˈgigɔ],adj.,suspicious
vaji,/ˈväji/ [ˈfäji],n.,sea; ocean
vajoo,/ˈväjɔː/ [ˈfäjɔː],v.,spoil; indulge
vake,/ˈväkɛ/ [ˈfägɛ],adj.,foreign
vakedai,/väˈkɛdäi̯/ [fäˈgɛdäi̯],n.,foreigner
väken,/ˈvækɛn/ [ˈfægɛn],n.,fan
väkuu,/ˈvækʌː/ [ˈfægʌː],n.,trunk (of tree)
vall,/väl/ [fäl],n.,office
välo,/ˈvælɔ/ [ˈfælɔ],n.,shack; shed
väme,/ˈvæmɛ/ [ˈfæmɛ],n.,museum
van,/vän/ [fän],v.,sink; drown; suffocate; descend
vän,/væn/ [fæn],n.,nature
vänku,/ˈvænkʌ/ [ˈfænkʌ],adj.,natural
väpai,/ˈvæpäi̯/ [ˈfæbäi̯],v.,smell (sense with nose)
värja,/ˈværjä/ [ˈfærjä],n.,criminal
varpo,/ˈvärpɔ/ [ˈfärpɔ],n.,hate
varr,/vär/ [fär],v.,hate; resent
värr,/vær/ [fær],n.,crime
vasi,/ˈväsi/ [fäʃ],n.,sand; dust
vataavii,/väˈtäːviː/ [fäˈtäːviː],v.,promise
vau,/väʌ̯/ [fäʌ̯],v.,mean (intend)
vauhau,/ˈväʌ̯häʌ̯/ [ˈfäʌ̯häʌ̯],n.,expression (facial)
vauhi,/ˈväʌ̯hi/ [ˈfäʌ̯hi],n.,food; meal; feast; nutrition; cuisine
vaui,/ˈväʌ̯i/ [ˈfäʌ̯i],n.,cheek
vauji,/ˈväʌ̯ji/ [ˈfäʌ̯ji],v.,use; utilize; spend; manipulate
vaujido,/väʌ̯ˈjidɔ/ [fäʌ̯ˈjidɔ],n.,use
vaula,/ˈväʌ̯lä/ [ˈfäʌ̯lä],v.,compromise
vaum,/väʌ̯m/ [fäʌ̯m],v.,leave (let remain); abandon
vautä,/ˈväʌ̯tæ/ [ˈfäʌ̯tæ],adj.,bald
ve,/vɛ/ [fɛ],prep.,over
vedemm,/ˈvɛdɛm/ [ˈfɛdɛm],n.,virus
veebae,/ˈvɛːbäi̯/ [ˈfɛːbäi̯],n.,equipment; apparatus
veekä,/ˈvɛːkæ/ [ˈfɛːgæ],v.,reject; dismiss; vomit; veto
veel,/vɛːl/ [fɛːl],v.,value
veel,/vɛːl/ [fɛːl],n.,value
veelä,/ˈvɛːlæ/ [ˈfɛːlæ],v.,open
veeläpo,/vɛːˈlæpɔ/ [fɛːˈlæbɔ],n.,opening
veem,/vɛːm/ [fɛːm],n.,toilet
veesie,/ˈvɛːʃɛ/ [ˈfɛːʃɛ],adv.,well
veesii,/ˈvɛːsiː/ [ˈfɛːʃi],adj.,ugly; awful; terrible
veesii,/ˈvɛːʃi/ [ˈfɛːʃi],v.,animate
vegi,/ˈvɛgi/ [ˈfɛgi],n.,church; chapel; shrine
veho,/ˈvɛhɔ/ [ˈfɛhɔ],v.,manufacture
veji,/ˈvɛji/ [ˈfɛji],n.,metal
vel,/vɛl/ [fɛl],n.,light
vele,/ˈvɛlɛ/ [ˈfɛlɛ],n.,ash; coal
vem,/vɛm/ [fɛm],n.,risk; threat
vemai,/ˈvɛmäi̯/ [ˈfɛmäi̯],v.,exert
vemra,/ˈvɛmrä/ [ˈfɛmrä],adj.,risky
vepai,/ˈvɛpäi̯/ [ˈfɛbäi̯],n.,skirt
vepue,/ˈvɛpui̯/ [ˈfɛbui̯],v.,imagine; devise; come up with
ver,/vɛr/ [fɛr],n.,bath; pool
vesiaa,/ˈvɛʃäː/ [ˈfɛʃäː],adj.,extreme; severe; radical
vevi,/ˈvɛvi/ [ˈfɛvi],n.,landlord
vi,/vi/ [fi],prep.,across
vibu,/ˈvibʌ/ [ˈfibʌ],n.,mirror
vidae,/ˈvidäi̯/ [ˈfidäi̯],n.,ministry; embassy
vigi,/ˈvigi/ [ˈfigi],adv.,etcetera
vigo,/ˈvigɔ/ [ˈfigɔ],n.,urge
vigu,/ˈvigʌ/ [ˈfigʌ],v.,extend
vii,/viː/ [fiː],adj.,large; massive; enormous; huge
viide,/ˈviːdɛ/ [ˈfiːdɛ],n.,archive
viijuunuim,/viːˈjʌːnui̯m/ [fiːˈjʌːnui̯m],v.,recommend; advise; suggest
viijuunuimdo,/ˌviːjʌːˈnui̯mdɔ/ [ˌfiːjʌːˈnui̯mdɔ],n.,suggestion
viikähui,/viːˈkæhui̯/ [fiːˈgæhui̯],v.,accept; pardon
viil,/viːl/ [fiːl],n.,book
viil laibi,/viːl ˈläi̯bi/ [fiːl ˈläi̯bi],n.,notebook
viim,/viːm/ [fiːm],n.,king; emperor
viin,/viːn/ [fiːn],v.,vow
viino,/ˈviːnɔ/ [ˈfiːnɔ],n.,stew; soup; broth
viipee,/ˈviːpɛː/ [ˈfiːbɛː],n.,crater
viir,/viːr/ [fiːr],n.,ham
viire,/ˈviːrɛ/ [ˈfiːrɛ],v.,discuss
viiredo,/viːˈrɛdɔ/ [fiːˈrɛdɔ],n.,discussion
viisii,/ˈviːʃi/ [ˈfiːʃi],adj.,buxom
vikä,/ˈvikæ/ [ˈfigæ],v.,listen; hear
vikädo,/viˈkædɔ/ [fiˈgædɔ],n.,hearing
vike,/ˈvikɛ/ [ˈfigɛ],v.,understand; realize; comprehend
viko,/ˈvikɔ/ [ˈfigɔ],n.,millennium
vimee,/ˈvimɛː/ [ˈfimɛː],v.,shatter
vimu,/ˈvimʌ/ [ˈfimʌ],v.,keep (not return)
vin,/vin/ [fin],adv.,most
vipee,/ˈvipɛː/ [ˈfibɛː],v.,exercise; train
virae,/ˈviräi̯/ [ˈfiräi̯],n.,part; piece; item
viru,/ˈvirʌ/ [ˈfirʌ],n.,chorus
visii,/ˈviʃi/ [ˈfiʃi],n.,spasm
visiii,/ˈviʃiː/ [ˈfiʃiː],n.,page
visiki,/viˈsiki/ [fiʃˈki],n.,temperature
viso,/ˈvisɔ/ [ˈfisɔ],n.,home
visu,/ˈvisʌ/ [fiʃ],adj.,intimate
visua,/ˈviʃä/ [ˈfiʃä],n.,shelf; rack
vite,/ˈvitɛ/ [ˈfitɛ],v.,distinguish
vive,/ˈvivɛ/ [ˈfivɛ],n.,engine; motor
vivell,/ˈvivɛl/ [ˈfivɛl],n.,agriculture
vo,/vɔ/ [fɔ],v.,clear
voboo,/ˈvɔbɔː/ [ˈfɔbɔː],adj.,clean; neat; elegant
voboo,/ˈvɔbɔː/ [ˈfɔbɔː],v.,clean
voho,/ˈvɔhɔ/ [ˈfɔhɔ],v.,sniff; inhale
vol,/vɔl/ [fɔl],v.,extract; pluck
vomo,/ˈvɔmɔ/ [ˈfɔmɔ],n.,resort; sanctuary; haven
vomuu,/ˈvɔmʌː/ [ˈfɔmʌː],n.,crowd
vonn,/vɔn/ [fɔn],n.,eel
vono,/ˈvɔnɔ/ [ˈfɔnɔ],adj.,powerful
vonodai,/vɔˈnɔdäi̯/ [fɔˈnɔdäi̯],n.,power
vooä,/ˈvɔːæ/ [ˈfɔːæ],n.,amateur; novice; rookie
vool,/vɔːl/ [fɔːl],n.,pillow; cushion
voom,/vɔːm/ [fɔːm],n.,pig
voomi,/ˈvɔːmi/ [ˈfɔːmi],n.,bee
voon,/vɔːn/ [fɔːn],v.,hint; imply; remind
voondo,/ˈvɔːndɔ/ [ˈfɔːndɔ],n.,hint
voor,/vɔːr/ [fɔːr],v.,kiss
voove,/ˈvɔːvɛ/ [ˈfɔːvɛ],n.,pain
voovera,/vɔːˈvɛrä/ [fɔːˈvɛrä],adj.,painful
vope,/ˈvɔpɛ/ [ˈfɔbɛ],adv.,clearly
vor,/vɔr/ [fɔr],n.,rabbit
voti,/ˈvɔti/ [ˈfɔti],v.,resemble
vuejuu,/ˈvui̯jʌː/ [ˈfui̯jʌː],n.,throne
vuemm,/vui̯m/ [fui̯m],n.,deputy
vuesuum,/ˈvui̯sʌːm/ [ˈfui̯ʃʌm],adj.,tight; tense; firm
vuesuumdae,/vui̯ˈsʌːmdäi̯/ [fui̯ˈʃʌmdäi̯],n.,tension
vugi,/ˈvʌgi/ [ˈfʌgi],n.,dew
vui,/vui̯/ [fui̯],n.,idea; concept
vuill,/vui̯l/ [fui̯l],n.,edge; limit; verge
vuin,/vui̯n/ [fui̯n],v.,confirm; validate; verify
vulaa,/ˈvʌläː/ [ˈfʌläː],v.,annoy; agitate; exacerbate
vule,/ˈvʌlɛ/ [ˈfʌlɛ],n.,lyrics
vuli,/ˈvʌli/ [ˈfʌli],n.,thorn
vum,/vʌm/ [fʌm],n.,theory; premise; thesis
vumii,/ˈvʌmiː/ [ˈfʌmiː],n.,hag (old woman)
vumu,/ˈvʌmʌ/ [ˈfʌmʌ],v.,waste
vun,/vʌn/ [fʌn],n.,architecture
vunii,/ˈvʌniː/ [ˈfʌniː],adj.,live
vupä,/ˈvʌpæ/ [ˈfʌbæ],n.,log
vupo,/ˈvʌpɔ/ [ˈfʌbɔ],v.,exaggerate
vurail,/ˈvʌräi̯l/ [ˈfʌräi̯l],n.,trade
vusiorr,/ˈvʌʃɔr/ [ˈfʌʃɔr],n.,recession
vusuii,/ˈvʌʃiː/ [ˈfʌʃiː],v.,deny; contradict
vuta,/ˈvʌtä/ [ˈfʌtä],n.,hotel
vuude,/ˈvʌːdɛ/ [ˈfʌːdɛ],n.,potato
vuugi,/ˈvʌːgi/ [ˈfʌːgi],n.,flower
vuugija,/vʌːˈgijä/ [fʌːˈgijä],n.,florist
vuuhi,/ˈvʌːhi/ [ˈfʌːhi],adj.,damn
vuul,/vʌːl/ [fʌːl],n.,pile; heap
vuum,/vʌːm/ [fʌːm],v.,raise; erect
vuun,/vʌːn/ [fʌːn],v.,snap
vuupä,/ˈvʌːpæ/ [ˈfʌːbæ],v.,go down; descend
vuur,/vʌːr/ [fʌːr],v.,pass; happen; occur